Bitcoin,Ethereum,BNB,XRP,Cardano
23852.50 ,1662.71 ,310.00 ,0.39 ,0.39 
23539.60 ,1640.66 ,304.41 ,0.38 ,0.39 
24327.90 ,1675.43 ,317.50 ,0.40 ,0.42 
22198.50 ,1555.46 ,296.20 ,0.38 ,0.39 
21772.60 ,1505.84 ,294.31 ,0.37 ,0.36 
21786.80 ,1515.44 ,312.60 ,0.37 ,0.36 
21859.80 ,1538.34 ,310.31 ,0.38 ,0.37 
21635.00 ,1513.82 ,305.89 ,0.38 ,0.36 
21792.50 ,1545.35 ,306.19 ,0.38 ,0.36 
22964.60 ,1650.99 ,328.20 ,0.40 ,0.39 
23251.70 ,1671.40 ,333.10 ,0.40 ,0.40 
22761.80 ,1613.72 ,324.10 ,0.39 ,0.38 
22936.00 ,1629.44 ,327.70 ,0.40 ,0.39 
23323.80 ,1666.90 ,330.40 ,0.41 ,0.40 
23431.20 ,1663.79 ,332.20 ,0.41 ,0.40 
23427.60 ,1641.71 ,322.70 ,0.41 ,0.40 
23725.60 ,1642.10 ,316.90 ,0.41 ,0.40 
23125.10 ,1585.27 ,312.11 ,0.41 ,0.39 
22832.20 ,1566.50 ,307.10 ,0.39 ,0.37 
23753.10 ,1645.97 ,317.29 ,0.41 ,0.40 
23027.90 ,1573.07 ,306.30 ,0.41 ,0.38 
23074.60 ,1597.60 ,307.99 ,0.41 ,0.39 
23016.00 ,1602.55 ,304.90 ,0.41 ,0.38 
23055.10 ,1611.20 ,306.71 ,0.42 ,0.37 
22632.50 ,1556.15 ,300.30 ,0.41 ,0.36 
22915.50 ,1626.53 ,305.20 ,0.42 ,0.38 
22707.80 ,1627.03 ,303.10 ,0.40 ,0.38 
22775.70 ,1625.53 ,299.00 ,0.40 ,0.37 
22677.20 ,1659.98 ,305.10 ,0.41 ,0.36 
21081.20 ,1551.62 ,294.60 ,0.39 ,0.34 
20670.60 ,1511.31 ,286.90 ,0.38 ,0.33 
21137.10 ,1564.67 ,299.30 ,0.39 ,0.35 
21184.20 ,1576.94 ,299.10 ,0.39 ,0.35 
20879.80 ,1552.69 ,302.10 ,0.38 ,0.35 
20958.20 ,1550.02 ,305.20 ,0.40 ,0.35 
19927.00 ,1450.86 ,293.70 ,0.39 ,0.35 
18851.30 ,1416.08 ,287.70 ,0.37 ,0.33 
17942.30 ,1389.84 ,284.60 ,0.37 ,0.32 
17439.10 ,1335.13 ,277.10 ,0.35 ,0.32 
17180.10 ,1320.51 ,272.61 ,0.35 ,0.32 
17119.00 ,1288.38 ,274.61 ,0.34 ,0.30 
16943.60 ,1263.90 ,261.30 ,0.34 ,0.28 
16950.90 ,1269.14 ,259.90 ,0.34 ,0.28 
16829.80 ,1250.95 ,256.60 ,0.34 ,0.27 
16852.10 ,1256.92 ,259.00 ,0.35 ,0.27 
16674.20 ,1214.57 ,246.20 ,0.34 ,0.25 
16674.30 ,1213.93 ,245.20 ,0.35 ,0.25 
16618.40 ,1200.52 ,244.40 ,0.34 ,0.25 
16537.40 ,1195.67 ,246.10 ,0.34 ,0.25 
16607.20 ,1199.80 ,245.80 ,0.35 ,0.25 
16636.40 ,1200.84 ,246.30 ,0.34 ,0.24 
16546.20 ,1189.98 ,244.40 ,0.36 ,0.25 
16706.10 ,1211.60 ,246.60 ,0.37 ,0.26 
16918.10 ,1227.65 ,244.30 ,0.37 ,0.27 
16831.80 ,1218.69 ,243.20 ,0.35 ,0.26 
16837.20 ,1220.46 ,244.50 ,0.35 ,0.26 
16779.10 ,1220.03 ,246.20 ,0.35 ,0.26 
16820.60 ,1217.57 ,245.90 ,0.35 ,0.26 
16831.80 ,1213.85 ,246.20 ,0.35 ,0.25 
16902.80 ,1217.20 ,251.40 ,0.35 ,0.26 
16441.30 ,1167.80 ,240.50 ,0.34 ,0.25 
16741.10 ,1182.70 ,251.00 ,0.35 ,0.27 
16777.10 ,1187.18 ,242.00 ,0.35 ,0.27 
16629.60 ,1166.70 ,231.10 ,0.35 ,0.26 
17356.10 ,1266.32 ,258.60 ,0.38 ,0.30 
17796.40 ,1307.30 ,267.70 ,0.39 ,0.31 
17778.60 ,1320.76 ,272.20 ,0.40 ,0.31 
17210.40 ,1275.02 ,276.10 ,0.39 ,0.31 
17093.30 ,1263.42 ,284.50 ,0.38 ,0.31 
17127.20 ,1266.62 ,288.10 ,0.39 ,0.31 
17125.70 ,1262.86 ,286.00 ,0.39 ,0.31 
17225.70 ,1280.29 ,290.50 ,0.39 ,0.31 
16835.20 ,1231.04 ,284.10 ,0.38 ,0.31 
17089.30 ,1271.26 ,290.20 ,0.39 ,0.32 
16966.50 ,1259.56 ,288.41 ,0.39 ,0.32 
17112.60 ,1279.74 ,292.19 ,0.39 ,0.32 
16884.50 ,1240.46 ,290.40 ,0.39 ,0.32 
17093.60 ,1295.69 ,293.50 ,0.40 ,0.32 
16972.00 ,1276.05 ,292.10 ,0.40 ,0.31 
17163.90 ,1294.41 ,300.40 ,0.41 ,0.32 
16440.40 ,1216.55 ,295.39 ,0.40 ,0.31 
16211.70 ,1167.73 ,293.40 ,0.39 ,0.31 
16425.60 ,1193.38 ,307.60 ,0.40 ,0.31 
16456.50 ,1205.15 ,311.20 ,0.40 ,0.31 
16512.30 ,1198.12 ,300.41 ,0.41 ,0.31 
16601.20 ,1203.77 ,300.11 ,0.40 ,0.32 
16623.90 ,1185.79 ,298.69 ,0.38 ,0.32 
16212.90 ,1139.74 ,266.68 ,0.38 ,0.31 
15776.20 ,1107.46 ,254.10 ,0.36 ,0.30 
16286.70 ,1142.88 ,264.39 ,0.36 ,0.31 
16699.20 ,1217.65 ,272.61 ,0.38 ,0.33 
16638.30 ,1207.31 ,273.00 ,0.38 ,0.32 
16691.20 ,1205.17 ,268.50 ,0.38 ,0.33 
16540.50 ,1206.16 ,270.20 ,0.37 ,0.33 
16895.10 ,1253.45 ,277.00 ,0.39 ,0.34 
16613.70 ,1242.64 ,279.00 ,0.38 ,0.33 
16324.50 ,1221.47 ,276.70 ,0.34 ,0.33 
16795.20 ,1256.29 ,282.69 ,0.36 ,0.34 
17049.90 ,1288.63 ,290.20 ,0.38 ,0.36 
17589.10 ,1299.15 ,304.01 ,0.39 ,0.37 
15886.90 ,1100.84 ,266.91 ,0.33 ,0.32 
18527.40 ,1335.25 ,327.50 ,0.41 ,0.37 
20589.00 ,1567.57 ,336.90 ,0.47 ,0.40 
20916.30 ,1570.86 ,338.28 ,0.47 ,0.40 
21301.60 ,1627.07 ,349.40 ,0.49 ,0.43 
21145.90 ,1645.01 ,354.50 ,0.51 ,0.42 
20206.40 ,1531.08 ,329.61 ,0.45 ,0.39 
20154.40 ,1519.04 ,320.20 ,0.45 ,0.39 
20483.50 ,1579.64 ,323.90 ,0.46 ,0.40 
20496.30 ,1572.89 ,325.79 ,0.46 ,0.41 
20626.30 ,1590.47 ,313.50 ,0.46 ,0.41 
20809.80 ,1619.69 ,304.40 ,0.47 ,0.42 
20594.40 ,1554.47 ,297.81 ,0.47 ,0.40 
20292.90 ,1514.19 ,286.80 ,0.46 ,0.39 
20769.50 ,1566.16 ,290.30 ,0.47 ,0.40 
20082.70 ,1459.60 ,284.10 ,0.46 ,0.40 
19331.50 ,1343.88 ,274.10 ,0.45 ,0.36 
19571.20 ,1363.92 ,275.99 ,0.47 ,0.36 
19204.80 ,1313.64 ,270.49 ,0.47 ,0.35 
19162.60 ,1299.76 ,270.00 ,0.46 ,0.35 
19042.90 ,1282.87 ,269.00 ,0.45 ,0.34 
19123.90 ,1285.32 ,272.10 ,0.45 ,0.35 
19328.20 ,1310.81 ,273.19 ,0.47 ,0.36 
19548.20 ,1331.12 ,275.70 ,0.48 ,0.37 
19261.90 ,1305.95 ,272.50 ,0.48 ,0.37 
19068.70 ,1274.57 ,268.20 ,0.48 ,0.36 
19181.80 ,1296.74 ,269.50 ,0.49 ,0.37 
19379.80 ,1287.34 ,271.70 ,0.48 ,0.38 
19154.80 ,1294.57 ,270.81 ,0.49 ,0.38 
19059.10 ,1279.97 ,271.31 ,0.49 ,0.39 
19134.60 ,1290.04 ,271.51 ,0.49 ,0.40 
19441.00 ,1323.41 ,278.11 ,0.53 ,0.42 
19415.00 ,1315.05 ,276.30 ,0.52 ,0.42 
19531.30 ,1330.99 ,282.41 ,0.52 ,0.42 
19956.70 ,1352.27 ,287.00 ,0.49 ,0.43 
20157.50 ,1352.07 ,294.10 ,0.49 ,0.43 
20340.20 ,1361.48 ,296.30 ,0.48 ,0.44 
19628.30 ,1323.41 ,287.00 ,0.46 ,0.43 
19052.20 ,1275.74 ,284.41 ,0.45 ,0.42 
19311.90 ,1311.80 ,282.91 ,0.48 ,0.43 
19423.00 ,1328.73 ,284.89 ,0.48 ,0.43 
19593.00 ,1336.08 ,284.00 ,0.49 ,0.44 
19411.00 ,1337.37 ,281.60 ,0.45 ,0.44 
19081.00 ,1328.23 ,272.40 ,0.45 ,0.44 
19225.70 ,1337.06 ,276.11 ,0.47 ,0.45 
18803.20 ,1294.26 ,274.11 ,0.49 ,0.45 
18925.20 ,1317.00 ,274.60 ,0.49 ,0.45 
19293.50 ,1327.96 ,276.80 ,0.51 ,0.46 
19404.00 ,1326.44 ,275.30 ,0.49 ,0.46 
18489.00 ,1247.74 ,264.49 ,0.39 ,0.44 
18872.40 ,1323.33 ,266.21 ,0.41 ,0.44 
19538.90 ,1376.00 ,272.00 ,0.38 ,0.45 
19418.80 ,1335.01 ,266.21 ,0.36 ,0.45 
20113.50 ,1468.79 ,279.09 ,0.38 ,0.49 
19802.40 ,1434.01 ,274.90 ,0.36 ,0.47 
19701.70 ,1472.64 ,271.00 ,0.33 ,0.47 
20222.50 ,1637.92 ,279.40 ,0.34 ,0.48 
20175.50 ,1574.47 ,277.40 ,0.33 ,0.46 
22395.30 ,1716.42 ,293.81 ,0.36 ,0.50 
21834.90 ,1766.93 ,295.40 ,0.36 ,0.51 
21650.40 ,1774.38 ,296.61 ,0.36 ,0.51 
21365.20 ,1718.81 ,293.40 ,0.36 ,0.50 
19317.40 ,1634.85 ,280.50 ,0.34 ,0.48 
19281.50 ,1629.51 ,278.81 ,0.34 ,0.48 
18786.40 ,1557.85 ,262.30 ,0.32 ,0.46 
19793.10 ,1617.07 ,276.71 ,0.33 ,0.50 
19999.90 ,1578.89 ,278.91 ,0.33 ,0.50 
19831.40 ,1557.55 ,277.80 ,0.33 ,0.48 
19952.70 ,1575.34 ,277.50 ,0.33 ,0.45 
20126.10 ,1585.48 ,278.31 ,0.33 ,0.46 
20043.90 ,1555.12 ,279.11 ,0.33 ,0.45 
19792.60 ,1523.34 ,281.50 ,0.33 ,0.45 
20295.80 ,1552.60 ,285.90 ,0.33 ,0.45 
19550.20 ,1426.25 ,276.49 ,0.32 ,0.43 
20033.90 ,1490.83 ,277.80 ,0.33 ,0.45 
20249.90 ,1508.08 ,279.22 ,0.34 ,0.43 
21565.40 ,1695.37 ,301.30 ,0.35 ,0.46 
21365.20 ,1656.64 ,296.40 ,0.35 ,0.46 
21517.20 ,1664.89 ,299.11 ,0.35 ,0.46 
21416.30 ,1626.75 ,300.20 ,0.34 ,0.46 
21517.20 ,1618.25 ,301.71 ,0.34 ,0.46 
21138.90 ,1575.60 ,283.80 ,0.34 ,0.45 
20831.30 ,1609.48 ,279.12 ,0.33 ,0.45 
23203.60 ,1846.51 ,298.01 ,0.37 ,0.51 
23338.00 ,1834.18 ,306.90 ,0.38 ,0.54 
23856.80 ,1876.70 ,316.11 ,0.38 ,0.56 
24101.70 ,1900.25 ,319.50 ,0.38 ,0.55 
24302.80 ,1935.10 ,317.51 ,0.38 ,0.57 
24442.50 ,1983.50 ,324.10 ,0.38 ,0.56 
24398.70 ,1957.63 ,328.00 ,0.38 ,0.54 
23935.30 ,1880.28 ,323.60 ,0.38 ,0.53 
23962.90 ,1853.46 ,328.80 ,0.38 ,0.54 
23146.70 ,1702.80 ,324.40 ,0.37 ,0.51 
23816.30 ,1778.42 ,325.00 ,0.38 ,0.54 
23175.30 ,1700.29 ,322.80 ,0.37 ,0.53 
22944.20 ,1690.27 ,315.01 ,0.37 ,0.51 
23308.20 ,1737.71 ,315.90 ,0.38 ,0.52 
22612.10 ,1606.94 ,311.50 ,0.37 ,0.50 
22820.80 ,1618.08 ,297.50 ,0.37 ,0.50 
22988.60 ,1631.48 ,283.80 ,0.37 ,0.50 
23271.20 ,1630.10 ,283.49 ,0.38 ,0.51 
23303.40 ,1680.00 ,283.50 ,0.38 ,0.52 
23634.20 ,1695.97 ,287.70 ,0.39 ,0.53 
23774.30 ,1720.77 ,293.61 ,0.37 ,0.52 
23850.00 ,1726.01 ,277.20 ,0.37 ,0.51 
22958.30 ,1636.01 ,271.60 ,0.36 ,0.51 
21248.70 ,1450.70 ,249.30 ,0.34 ,0.47 
21301.90 ,1438.52 ,244.70 ,0.34 ,0.48 
22582.10 ,1598.19 ,261.50 ,0.36 ,0.51 
22460.40 ,1549.61 ,259.20 ,0.36 ,0.52 
22675.20 ,1534.85 ,262.21 ,0.36 ,0.48 
23153.00 ,1575.68 ,265.50 ,0.37 ,0.50 
23215.20 ,1520.64 ,258.30 ,0.36 ,0.49 
23410.20 ,1543.50 ,268.60 ,0.37 ,0.52 
22525.80 ,1584.77 ,264.60 ,0.37 ,0.49 
20785.60 ,1337.85 ,247.80 ,0.34 ,0.45 
21209.90 ,1356.08 ,249.79 ,0.35 ,0.46 
20825.10 ,1231.03 ,238.40 ,0.33 ,0.44 
20586.00 ,1192.75 ,238.40 ,0.33 ,0.44 
20250.00 ,1115.83 ,230.59 ,0.32 ,0.44 
19330.90 ,1038.56 ,220.60 ,0.31 ,0.42 
19963.20 ,1096.43 ,225.70 ,0.32 ,0.43 
20847.40 ,1167.35 ,234.60 ,0.33 ,0.46 
21587.50 ,1216.94 ,243.39 ,0.34 ,0.48 
21611.20 ,1216.33 ,240.80 ,0.34 ,0.47 
21637.80 ,1238.15 ,241.50 ,0.34 ,0.48 
20561.10 ,1186.45 ,238.59 ,0.33 ,0.46 
20200.60 ,1133.90 ,231.09 ,0.33 ,0.46 
20215.80 ,1151.19 ,231.30 ,0.33 ,0.47 
19309.90 ,1074.08 ,219.20 ,0.32 ,0.46 
19243.20 ,1066.60 ,218.20 ,0.32 ,0.46 
19262.90 ,1058.94 ,216.79 ,0.31 ,0.45 
19926.60 ,1069.05 ,219.39 ,0.33 ,0.46 
20111.30 ,1099.51 ,219.69 ,0.33 ,0.47 
20278.00 ,1143.97 ,227.09 ,0.34 ,0.47 
20730.20 ,1190.84 ,233.69 ,0.35 ,0.48 
21043.50 ,1198.03 ,234.00 ,0.36 ,0.49 
21489.90 ,1241.76 ,239.69 ,0.37 ,0.50 
21226.90 ,1225.03 ,240.19 ,0.37 ,0.50 
21100.70 ,1144.19 ,228.81 ,0.34 ,0.48 
19965.80 ,1049.02 ,214.10 ,0.32 ,0.46 
20720.40 ,1125.96 ,220.10 ,0.33 ,0.48 
20572.30 ,1128.32 ,216.60 ,0.32 ,0.49 
20577.20 ,1128.39 ,215.00 ,0.33 ,0.48 
18986.50 ,995.61 ,197.09 ,0.31 ,0.46 
20444.60 ,1086.47 ,215.70 ,0.32 ,0.49 
20386.60 ,1068.49 ,210.10 ,0.31 ,0.48 
22577.90 ,1237.92 ,233.70 ,0.34 ,0.54 
22157.30 ,1210.84 ,223.40 ,0.32 ,0.48 
22448.00 ,1206.67 ,222.71 ,0.31 ,0.46 
26606.30 ,1435.46 ,254.90 ,0.34 ,0.49 
28403.40 ,1531.42 ,269.71 ,0.36 ,0.55 
29083.30 ,1663.02 ,286.29 ,0.38 ,0.57 
30097.80 ,1788.06 ,289.90 ,0.40 ,0.63 
30201.60 ,1793.00 ,288.41 ,0.40 ,0.64 
31128.80 ,1813.72 ,290.30 ,0.41 ,0.61 
31367.60 ,1859.99 ,295.20 ,0.40 ,0.61 
29913.00 ,1806.71 ,298.98 ,0.40 ,0.57 
29864.30 ,1804.37 ,301.40 ,0.39 ,0.57 
29700.90 ,1775.29 ,298.70 ,0.39 ,0.56 
30455.50 ,1834.64 ,308.41 ,0.41 ,0.59 
29798.50 ,1818.07 ,300.49 ,0.40 ,0.55 
31793.40 ,1941.79 ,320.79 ,0.42 ,0.63 
31723.30 ,1998.46 ,321.80 ,0.42 ,0.57 
29465.20 ,1813.56 ,305.90 ,0.39 ,0.48 
29027.10 ,1792.68 ,307.59 ,0.39 ,0.46 
28601.20 ,1724.30 ,301.09 ,0.38 ,0.46 
29203.50 ,1793.42 ,303.20 ,0.39 ,0.48 
29540.60 ,1942.91 ,325.79 ,0.41 ,0.51 
29648.70 ,1979.35 ,328.30 ,0.41 ,0.52 
29093.30 ,1972.93 ,316.98 ,0.41 ,0.51 
30286.60 ,2043.19 ,319.30 ,0.42 ,0.54 
29434.60 ,1975.12 ,312.40 ,0.41 ,0.53 
29178.60 ,1959.85 ,302.28 ,0.41 ,0.52 
30305.90 ,2019.34 ,306.90 ,0.42 ,0.53 
28683.70 ,1912.12 ,287.61 ,0.41 ,0.50 
30437.50 ,2091.14 ,306.10 ,0.44 ,0.58 
29849.00 ,2022.93 ,297.00 ,0.42 ,0.56 
31308.70 ,2145.86 ,312.20 ,0.45 ,0.60 
30080.40 ,2056.30 ,296.90 ,0.43 ,0.54 
29284.40 ,2009.53 ,290.89 ,0.42 ,0.53 
28976.00 ,1955.36 ,268.51 ,0.38 ,0.47 
29068.20 ,2080.79 ,270.92 ,0.42 ,0.52 
31007.50 ,2342.30 ,318.99 ,0.51 ,0.63 
30095.00 ,2229.10 ,296.30 ,0.49 ,0.60 
34060.00 ,2519.98 ,355.88 ,0.57 ,0.74 
35468.00 ,2636.03 ,365.48 ,0.58 ,0.76 
36009.00 ,2692.88 ,379.11 ,0.60 ,0.78 
36544.00 ,2747.46 ,378.57 ,0.60 ,0.79 
39688.00 ,2940.70 ,402.51 ,0.65 ,0.90 
37718.00 ,2781.47 ,383.79 ,0.60 ,0.77 
38514.00 ,2856.01 ,389.50 ,0.61 ,0.78 
38461.00 ,2825.80 ,389.89 ,0.61 ,0.79 
37650.00 ,2727.18 ,377.01 ,0.59 ,0.76 
38581.00 ,2816.66 ,392.99 ,0.61 ,0.80 
39748.00 ,2937.01 ,407.19 ,0.64 ,0.84 
39243.00 ,2888.99 ,391.31 ,0.65 ,0.84 
38113.00 ,2810.42 ,385.91 ,0.64 ,0.83 
40427.00 ,3006.04 ,404.30 ,0.69 ,0.90 
39464.00 ,2922.03 ,398.90 ,0.70 ,0.89 
39418.00 ,2931.90 ,401.10 ,0.71 ,0.89 
39709.00 ,2963.00 ,406.60 ,0.72 ,0.91 
40482.00 ,2983.95 ,405.00 ,0.73 ,0.91 
41368.00 ,3076.38 ,418.29 ,0.75 ,0.94 
41503.00 ,3102.01 ,422.20 ,0.77 ,0.95 
40803.00 ,3055.64 ,416.82 ,0.77 ,0.94 
39703.00 ,2989.05 ,406.81 ,0.75 ,0.91 
40382.00 ,3058.96 ,417.10 ,0.78 ,0.95 
40560.00 ,3042.01 ,417.22 ,0.79 ,0.96 
39936.00 ,3021.93 ,414.70 ,0.73 ,0.93 
41133.00 ,3116.92 ,423.08 ,0.72 ,0.97 
40078.00 ,3027.25 ,413.67 ,0.71 ,0.95 
39497.00 ,2978.29 ,394.20 ,0.69 ,0.92 
42138.00 ,3201.84 ,417.82 ,0.75 ,1.03 
42767.00 ,3259.35 ,426.83 ,0.76 ,1.05 
42275.00 ,3193.93 ,421.60 ,0.76 ,1.02 
43448.00 ,3228.84 ,436.31 ,0.79 ,1.09 
43173.00 ,3169.58 ,420.19 ,0.76 ,1.05 
45506.00 ,3406.78 ,444.60 ,0.82 ,1.17 
46629.00 ,3520.41 ,447.87 ,0.83 ,1.21 
46407.00 ,3521.10 ,450.30 ,0.84 ,1.19 
45811.00 ,3442.34 ,436.82 ,0.82 ,1.16 
46297.00 ,3456.18 ,447.59 ,0.83 ,1.17 
45525.00 ,3282.35 ,428.84 ,0.82 ,1.14 
47075.00 ,3385.64 ,442.01 ,0.86 ,1.19 
47449.00 ,3401.89 ,434.27 ,0.86 ,1.19 
47105.00 ,3329.38 ,429.81 ,0.86 ,1.17 
46859.00 ,3297.04 ,430.71 ,0.86 ,1.18 
44548.00 ,3146.01 ,416.08 ,0.83 ,1.15 
44331.00 ,3103.51 ,410.21 ,0.82 ,1.10 
44013.00 ,3109.25 ,414.29 ,0.84 ,1.13 
42912.00 ,3036.12 ,408.32 ,0.84 ,1.11 
42373.00 ,2969.64 ,404.21 ,0.84 ,0.97 
41022.00 ,2891.63 ,396.09 ,0.84 ,0.92 
41276.00 ,2861.69 ,390.82 ,0.81 ,0.88 
42233.00 ,2949.92 ,400.00 ,0.82 ,0.90 
41767.80 ,2939.76 ,397.20 ,0.80 ,0.85 
40914.80 ,2812.29 ,391.90 ,0.79 ,0.84 
41118.70 ,2773.94 ,385.40 ,0.79 ,0.84 
39285.70 ,2617.43 ,371.40 ,0.77 ,0.80 
39671.10 ,2589.30 ,373.30 ,0.77 ,0.80 
37792.40 ,2516.75 ,361.60 ,0.76 ,0.79 
38814.30 ,2569.80 ,372.40 ,0.79 ,0.79 
38730.20 ,2556.96 ,371.90 ,0.80 ,0.79 
39416.30 ,2606.50 ,372.10 ,0.74 ,0.81 
41929.00 ,2726.94 ,393.10 ,0.77 ,0.85 
38744.80 ,2577.21 ,381.80 ,0.72 ,0.80 
38024.80 ,2492.53 ,381.10 ,0.72 ,0.79 
38403.10 ,2549.40 ,374.90 ,0.72 ,0.82 
39395.80 ,2665.42 ,384.70 ,0.75 ,0.86 
39142.70 ,2622.15 ,374.50 ,0.71 ,0.84 
42463.00 ,2834.91 ,402.60 ,0.75 ,0.90 
43912.80 ,2947.14 ,409.20 ,0.77 ,0.94 
44420.30 ,2975.81 ,408.59 ,0.78 ,0.96 
43188.20 ,2922.50 ,395.61 ,0.78 ,0.96 
37689.10 ,2616.34 ,359.91 ,0.72 ,0.86 
39115.50 ,2776.96 ,373.31 ,0.75 ,0.89 
39209.60 ,2767.53 ,374.89 ,0.77 ,0.90 
38339.20 ,2596.52 ,361.10 ,0.70 ,0.85 
37224.60 ,2578.15 ,365.69 ,0.70 ,0.86 
38248.20 ,2636.13 ,374.20 ,0.72 ,0.89 
37017.70 ,2569.87 ,356.50 ,0.70 ,0.86 
38355.00 ,2619.32 ,380.31 ,0.78 ,0.93 
40090.30 ,2763.81 ,399.70 ,0.82 ,1.00 
40000.10 ,2779.56 ,399.20 ,0.78 ,1.00 
40552.80 ,2894.03 ,402.97 ,0.77 ,1.02 
43883.60 ,3118.90 ,427.38 ,0.84 ,1.08 
44544.40 ,3182.27 ,432.21 ,0.85 ,1.11 
42550.30 ,2929.31 ,403.49 ,0.80 ,1.05 
42061.10 ,2870.25 ,397.80 ,0.81 ,1.04 
42205.20 ,2917.10 ,403.20 ,0.82 ,1.06 
42388.40 ,2927.63 ,400.19 ,0.76 ,1.08 
43521.00 ,3071.83 ,414.89 ,0.83 ,1.15 
44388.90 ,3243.62 ,422.80 ,0.87 ,1.19 
44038.20 ,3115.88 ,407.72 ,0.88 ,1.18 
43833.90 ,3140.18 ,433.29 ,0.83 ,1.20 
42392.20 ,3056.20 ,420.00 ,0.68 ,1.14 
41412.10 ,3013.81 ,413.99 ,0.67 ,1.12 
41567.60 ,2994.99 ,399.49 ,0.66 ,1.14 
37287.80 ,2692.80 ,371.88 ,0.61 ,1.06 
36890.20 ,2681.00 ,367.10 ,0.60 ,1.03 
38709.70 ,2787.16 ,384.21 ,0.63 ,1.10 
38498.60 ,2686.82 ,374.21 ,0.62 ,1.05 
37917.70 ,2602.77 ,377.50 ,0.60 ,1.04 
38170.80 ,2600.02 ,389.29 ,0.62 ,1.06 
37745.10 ,2545.95 ,386.00 ,0.61 ,1.05 
37164.30 ,2424.66 ,390.03 ,0.61 ,1.04 
36800.40 ,2461.41 ,374.91 ,0.62 ,1.08 
36950.60 ,2458.07 ,384.88 ,0.62 ,1.04 
36686.30 ,2441.01 ,371.58 ,0.61 ,1.07 
36269.50 ,2540.81 ,384.10 ,0.63 ,1.12 
35075.20 ,2412.52 ,358.50 ,0.60 ,1.07 
36475.50 ,2571.29 ,384.30 ,0.64 ,1.12 
40715.90 ,3004.72 ,440.43 ,0.72 ,1.26 
41677.80 ,3083.65 ,462.28 ,0.74 ,1.34 
42364.60 ,3160.15 ,471.21 ,0.75 ,1.46 
42209.30 ,3209.35 ,475.01 ,0.76 ,1.60 
43079.10 ,3346.59 ,498.50 ,0.78 ,1.41 
43097.00 ,3327.74 ,494.67 ,0.78 ,1.29 
43073.30 ,3307.90 ,490.00 ,0.77 ,1.29 
42560.00 ,3238.03 ,475.09 ,0.77 ,1.23 
43901.00 ,3370.89 ,487.01 ,0.80 ,1.31 
42733.20 ,3237.89 ,463.48 ,0.77 ,1.19 
41832.20 ,3085.43 ,424.81 ,0.74 ,1.12 
41848.30 ,3150.30 ,438.60 ,0.75 ,1.17 
41672.00 ,3080.02 ,429.32 ,0.74 ,1.18 
41546.70 ,3195.31 ,447.71 ,0.76 ,1.21 
43097.50 ,3407.77 ,472.89 ,0.78 ,1.28 
43425.90 ,3535.86 ,473.61 ,0.77 ,1.23 
45837.30 ,3789.52 ,507.00 ,0.82 ,1.31 
46430.20 ,3764.24 ,511.70 ,0.83 ,1.32 
47311.80 ,3830.67 ,531.28 ,0.86 ,1.38 
47738.00 ,3765.67 ,527.40 ,0.85 ,1.38 
46219.50 ,3677.85 ,511.70 ,0.83 ,1.31 
47123.30 ,3709.57 ,518.50 ,0.84 ,1.36 
46461.70 ,3627.93 ,514.22 ,0.82 ,1.33 
47545.20 ,3791.69 ,534.19 ,0.85 ,1.40 
50678.20 ,4036.24 ,563.30 ,0.93 ,1.51 
50779.90 ,4061.27 ,546.49 ,0.92 ,1.45 
50406.40 ,4093.14 ,547.33 ,0.93 ,1.45 
50786.10 ,4043.39 ,541.78 ,0.91 ,1.39 
50801.00 ,4110.14 ,548.70 ,0.99 ,1.47 
48599.70 ,3979.54 ,533.43 ,0.95 ,1.33 
48902.00 ,4016.59 ,528.50 ,0.95 ,1.28 
46895.20 ,3938.80 ,523.31 ,0.88 ,1.24 
46704.50 ,3925.34 ,529.90 ,0.84 ,1.24 
46856.20 ,3959.83 ,534.20 ,0.83 ,1.24 
46172.20 ,3878.29 ,525.90 ,0.80 ,1.22 
47628.20 ,3956.62 ,526.01 ,0.81 ,1.24 
48871.50 ,4019.24 ,541.10 ,0.83 ,1.31 
48366.50 ,3861.55 ,528.30 ,0.81 ,1.27 
46703.60 ,3781.94 ,520.88 ,0.78 ,1.22 
50081.00 ,4131.78 ,570.51 ,0.84 ,1.35 
49314.50 ,4075.66 ,563.24 ,0.84 ,1.35 
47137.20 ,3903.48 ,552.53 ,0.80 ,1.21 
47596.60 ,4107.69 ,570.78 ,0.86 ,1.29 
50473.90 ,4435.74 ,606.90 ,0.86 ,1.39 
50595.20 ,4307.08 ,578.70 ,0.82 ,1.38 
50562.10 ,4353.31 ,588.59 ,0.83 ,1.42 
49405.50 ,4194.80 ,557.60 ,0.80 ,1.38 
49195.20 ,4123.46 ,568.62 ,0.85 ,1.42 
53631.50 ,4219.30 ,594.62 ,0.92 ,1.56 
56496.00 ,4512.90 ,620.21 ,0.97 ,1.72 
57210.30 ,4583.28 ,627.32 ,0.99 ,1.55 
56882.90 ,4628.90 ,623.23 ,1.00 ,1.55 
57794.80 ,4443.22 ,623.61 ,0.99 ,1.60 
57291.50 ,4296.98 ,611.61 ,0.97 ,1.59 
54765.90 ,4094.80 ,600.30 ,0.95 ,1.54 
53730.90 ,4034.53 ,584.96 ,0.94 ,1.53 
58935.10 ,4520.30 ,638.79 ,1.04 ,1.67 
57171.70 ,4273.54 ,590.61 ,1.03 ,1.67 
57573.20 ,4340.23 ,591.30 ,1.07 ,1.75 
56308.80 ,4086.95 ,559.69 ,1.04 ,1.78 
58714.30 ,4268.08 ,585.14 ,1.06 ,1.84 
59717.60 ,4408.85 ,604.28 ,1.10 ,1.92 
58083.40 ,4295.43 ,581.09 ,1.09 ,1.86 
56955.30 ,4001.87 ,532.56 ,1.04 ,1.79 
60367.80 ,4290.88 ,578.31 ,1.10 ,1.88 
60089.10 ,4208.16 ,588.91 ,1.09 ,1.88 
63597.90 ,4562.98 ,633.51 ,1.17 ,2.02 
65508.20 ,4625.59 ,650.80 ,1.19 ,2.04 
64398.60 ,4644.61 ,649.50 ,1.19 ,2.05 
64134.50 ,4667.31 ,626.91 ,1.19 ,2.05 
64806.70 ,4720.87 ,628.80 ,1.21 ,2.08 
64932.60 ,4634.03 ,614.81 ,1.19 ,2.10 
66904.40 ,4731.83 ,634.24 ,1.26 ,2.27 
67527.90 ,4808.38 ,653.79 ,1.28 ,2.13 
63273.20 ,4612.06 ,649.50 ,1.22 ,2.02 
61483.90 ,4517.36 ,636.30 ,1.15 ,2.00 
60974.30 ,4475.00 ,607.31 ,1.16 ,1.98 
61412.60 ,4535.11 ,559.16 ,1.20 ,1.98 
62918.50 ,4602.21 ,568.40 ,1.21 ,2.06 
63221.70 ,4586.06 ,554.28 ,1.14 ,1.97 
60915.30 ,4320.85 ,551.53 ,1.09 ,1.95 
61309.60 ,4287.56 ,524.46 ,1.11 ,1.96 
61840.10 ,4320.65 ,528.20 ,1.08 ,1.95 
62242.80 ,4413.70 ,529.52 ,1.08 ,2.01 
60582.50 ,4284.90 ,492.09 ,1.06 ,1.99 
58438.10 ,3921.93 ,448.69 ,0.99 ,1.91 
60310.80 ,4129.51 ,478.01 ,1.11 ,2.14 
63067.00 ,4219.92 ,484.91 ,1.10 ,2.14 
60866.50 ,4082.80 ,475.80 ,1.08 ,2.12 
61312.50 ,4168.85 ,485.41 ,1.09 ,2.16 
60690.30 ,3970.94 ,478.83 ,1.09 ,2.15 
62210.20 ,4054.16 ,471.10 ,1.09 ,2.14 
65979.10 ,4159.89 ,501.11 ,1.14 ,2.19 
64278.50 ,3876.78 ,488.10 ,1.09 ,2.11 
62056.30 ,3747.60 ,485.00 ,1.08 ,2.13 
61527.50 ,3845.47 ,470.71 ,1.09 ,2.16 
60861.10 ,3827.55 ,465.12 ,1.13 ,2.18 
61672.50 ,3866.90 ,474.31 ,1.14 ,2.22 
57345.80 ,3790.41 ,472.42 ,1.13 ,2.17 
57380.10 ,3607.28 ,470.41 ,1.13 ,2.19 
56015.90 ,3489.90 ,443.65 ,1.10 ,2.12 
57477.30 ,3545.06 ,413.38 ,1.14 ,2.17 
54687.70 ,3415.03 ,404.19 ,1.14 ,2.19 
54942.50 ,3574.20 ,421.69 ,1.16 ,2.27 
53914.70 ,3559.42 ,418.70 ,1.06 ,2.23 
53783.90 ,3586.00 ,438.21 ,1.07 ,2.28 
55323.20 ,3575.41 ,434.88 ,1.08 ,2.21 
51469.30 ,3517.26 ,442.21 ,1.08 ,2.23 
49227.30 ,3382.90 ,426.48 ,1.04 ,2.19 
48200.10 ,3417.34 ,430.32 ,1.06 ,2.25 
47666.90 ,3388.97 ,427.22 ,1.04 ,2.25 
48146.00 ,3309.13 ,421.31 ,1.04 ,2.26 
43823.30 ,3000.59 ,387.59 ,0.95 ,2.12 
41536.80 ,2851.50 ,367.51 ,0.93 ,2.07 
41022.30 ,2807.28 ,332.94 ,0.89 ,2.04 
42172.60 ,2926.24 ,335.32 ,0.92 ,2.13 
43203.40 ,3063.51 ,344.53 ,0.94 ,2.21 
42686.80 ,2922.55 ,349.51 ,0.94 ,2.30 
42819.90 ,2928.57 ,355.10 ,0.94 ,2.28 
44869.20 ,3152.92 ,383.63 ,1.00 ,2.33 
43551.60 ,3077.78 ,378.83 ,1.00 ,2.26 
40651.30 ,2761.52 ,343.30 ,0.87 ,1.98 
42870.60 ,2976.05 ,363.60 ,0.92 ,2.07 
47238.70 ,3329.12 ,408.39 ,1.05 ,2.28 
48306.70 ,3435.97 ,410.70 ,1.08 ,2.37 
47282.80 ,3398.65 ,406.21 ,1.07 ,2.35 
47748.00 ,3569.43 ,424.22 ,1.09 ,2.42 
48130.60 ,3611.90 ,431.10 ,1.12 ,2.50 
47077.50 ,3428.87 ,414.29 ,1.10 ,2.39 
44949.50 ,3284.52 ,399.00 ,1.06 ,2.40 
46062.30 ,3408.28 ,416.99 ,1.12 ,2.58 
45161.90 ,3267.33 ,405.10 ,1.08 ,2.64 
44842.80 ,3207.27 ,401.10 ,1.05 ,2.38 
46385.60 ,3423.51 ,421.20 ,1.09 ,2.52 
46061.40 ,3495.10 ,414.60 ,1.10 ,2.47 
46779.60 ,3423.12 ,417.31 ,1.12 ,2.50 
52672.10 ,3927.21 ,496.11 ,1.39 ,2.83 
51768.60 ,3950.62 ,504.49 ,1.31 ,2.91 
49918.40 ,3884.97 ,497.40 ,1.25 ,2.83 
49999.00 ,3936.29 ,488.20 ,1.29 ,2.97 
49274.30 ,3786.19 ,483.84 ,1.25 ,2.96 
48819.40 ,3832.73 ,489.78 ,1.24 ,2.87 
47130.40 ,3430.74 ,464.29 ,1.19 ,2.77 
46992.70 ,3225.67 ,460.10 ,1.10 ,2.74 
48777.40 ,3222.16 ,479.63 ,1.14 ,2.85 
48897.10 ,3243.90 ,486.01 ,1.14 ,2.85 
49064.30 ,3273.58 ,494.48 ,1.19 ,2.95 
46831.60 ,3093.54 ,477.83 ,1.07 ,2.53 
48994.50 ,3228.15 ,503.44 ,1.17 ,2.74 
47714.70 ,3173.26 ,471.95 ,1.14 ,2.72 
49539.70 ,3319.49 ,499.79 ,1.25 ,2.92 
49254.50 ,3238.70 ,448.68 ,1.23 ,2.71 
48875.80 ,3223.96 ,448.64 ,1.22 ,2.44 
49324.00 ,3284.21 ,454.87 ,1.26 ,2.46 
46755.90 ,3184.82 ,431.42 ,1.23 ,2.44 
44723.80 ,3016.91 ,396.48 ,1.14 ,2.11 
44691.60 ,3014.58 ,401.94 ,1.10 ,1.93 
45996.30 ,3147.65 ,416.08 ,1.19 ,2.07 
46991.30 ,3308.87 ,414.10 ,1.28 ,2.17 
47081.50 ,3264.69 ,408.91 ,1.28 ,2.19 
47809.10 ,3322.43 ,410.90 ,1.09 ,2.14 
44403.40 ,3043.61 ,385.51 ,0.96 ,1.83 
45564.30 ,3163.66 ,391.48 ,1.01 ,1.80 
45593.80 ,3140.71 ,371.90 ,0.85 ,1.68 
46284.30 ,3162.93 ,354.50 ,0.82 ,1.48 
43792.80 ,3012.07 ,341.83 ,0.78 ,1.43 
44614.20 ,3158.00 ,356.28 ,0.82 ,1.47 
42795.40 ,2889.43 ,342.08 ,0.75 ,1.40 
40867.20 ,2827.21 ,337.88 ,0.73 ,1.39 
39736.90 ,2725.29 ,334.89 ,0.73 ,1.38 
38130.30 ,2506.65 ,323.19 ,0.71 ,1.36 
39168.40 ,2608.04 ,330.86 ,0.74 ,1.31 
39878.30 ,2556.23 ,332.78 ,0.72 ,1.32 
41553.70 ,2532.19 ,332.41 ,0.74 ,1.32 
42203.40 ,2460.95 ,322.63 ,0.75 ,1.31 
40001.40 ,2380.93 ,316.72 ,0.75 ,1.28 
40003.20 ,2299.11 ,313.76 ,0.73 ,1.29 
39452.00 ,2300.22 ,313.67 ,0.65 ,1.28 
37276.60 ,2229.53 ,304.31 ,0.62 ,1.26 
35391.10 ,2189.79 ,302.57 ,0.61 ,1.23 
33824.80 ,2151.85 ,303.15 ,0.61 ,1.22 
33603.30 ,2123.61 ,298.89 ,0.61 ,1.21 
32298.90 ,2024.58 ,293.53 ,0.59 ,1.19 
32131.40 ,1994.49 ,293.08 ,0.57 ,1.17 
29793.80 ,1786.07 ,264.59 ,0.53 ,1.05 
30837.20 ,1818.07 ,280.47 ,0.56 ,1.12 
31785.40 ,1892.42 ,302.18 ,0.59 ,1.18 
31518.60 ,1897.98 ,300.31 ,0.58 ,1.17 
31394.00 ,1878.20 ,302.84 ,0.59 ,1.17 
31840.50 ,1917.21 ,315.58 ,0.60 ,1.23 
32820.70 ,1994.64 ,309.45 ,0.62 ,1.26 
32728.10 ,1940.72 ,308.98 ,0.62 ,1.26 
33113.00 ,2035.09 ,316.17 ,0.63 ,1.31 
34227.70 ,2139.35 ,321.88 ,0.64 ,1.35 
33510.60 ,2111.12 ,316.07 ,0.63 ,1.34 
33797.40 ,2145.89 ,316.77 ,0.64 ,1.35 
32866.30 ,2120.22 ,310.52 ,0.62 ,1.33 
33867.80 ,2316.57 ,327.68 ,0.65 ,1.40 
34225.60 ,2322.72 ,320.02 ,0.66 ,1.42 
33687.80 ,2196.16 ,302.31 ,0.65 ,1.40 
35298.20 ,2323.22 ,307.88 ,0.70 ,1.46 
34742.80 ,2224.70 ,299.25 ,0.68 ,1.42 
33813.40 ,2154.78 ,287.38 ,0.66 ,1.40 
33543.60 ,2109.11 ,287.63 ,0.66 ,1.33 
35026.90 ,2273.84 ,303.25 ,0.71 ,1.38 
35834.70 ,2158.71 ,299.88 ,0.71 ,1.37 
34475.90 ,2083.09 ,289.83 ,0.64 ,1.32 
34678.50 ,1979.88 ,290.86 ,0.65 ,1.34 
32243.40 ,1830.62 ,279.45 ,0.62 ,1.25 
31594.00 ,1810.57 ,281.13 ,0.61 ,1.25 
34665.80 ,1989.14 ,308.31 ,0.67 ,1.36 
33674.30 ,1968.39 ,296.14 ,0.64 ,1.25 
32496.40 ,1876.66 ,261.45 ,0.54 ,1.15 
31692.00 ,1891.18 ,271.80 ,0.61 ,1.18 
35595.80 ,2243.86 ,339.47 ,0.77 ,1.43 
35513.40 ,2166.91 ,334.19 ,0.76 ,1.39 
35749.40 ,2229.53 ,336.67 ,0.80 ,1.41 
38052.00 ,2371.62 ,352.64 ,0.84 ,1.48 
38336.00 ,2367.28 ,347.15 ,0.83 ,1.48 
40156.10 ,2543.83 ,366.78 ,0.87 ,1.56 
40529.40 ,2581.48 ,370.06 ,0.89 ,1.58 
39022.90 ,2508.27 ,365.83 ,0.88 ,1.56 
35467.50 ,2368.47 ,343.23 ,0.83 ,1.48 
37314.60 ,2351.45 ,345.46 ,0.85 ,1.44 
36649.40 ,2469.97 ,351.43 ,0.87 ,1.53 
37332.20 ,2606.23 ,375.29 ,0.92 ,1.62 
33382.90 ,2510.65 ,352.64 ,0.87 ,1.59 
33578.00 ,2592.63 ,358.08 ,0.86 ,1.56 
35815.40 ,2713.66 ,393.20 ,0.94 ,1.68 
35520.00 ,2628.98 ,390.09 ,0.92 ,1.66 
36851.30 ,2686.50 ,390.97 ,0.97 ,1.71 
39187.30 ,2853.35 ,427.59 ,1.04 ,1.84 
37555.80 ,2706.10 ,401.12 ,1.02 ,1.75 
36687.60 ,2633.67 ,362.39 ,1.01 ,1.74 
37298.60 ,2708.47 ,353.74 ,1.04 ,1.74 
35652.80 ,2386.10 ,325.59 ,0.91 ,1.58 
34584.60 ,2276.07 ,304.76 ,0.83 ,1.40 
35662.50 ,2414.29 ,329.31 ,0.90 ,1.51 
38417.30 ,2735.88 ,367.46 ,0.97 ,1.65 
39249.20 ,2884.66 ,379.22 ,1.03 ,1.78 
38378.30 ,2705.09 ,343.77 ,0.97 ,1.55 
38750.60 ,2646.79 ,345.02 ,0.99 ,1.55 
34679.70 ,2101.34 ,261.57 ,0.79 ,1.32 
37448.30 ,2291.60 ,299.25 ,0.91 ,1.46 
37297.40 ,2433.11 ,326.44 ,1.01 ,1.55 
40717.20 ,2777.55 ,392.64 ,1.18 ,1.80 
36720.50 ,2435.69 ,335.12 ,1.06 ,1.47 
42897.30 ,3377.55 ,508.28 ,1.59 ,2.01 
43541.30 ,3279.68 ,511.76 ,1.50 ,2.03 
46426.40 ,3582.12 ,563.41 ,1.45 ,2.30 
46708.80 ,3641.65 ,562.85 ,1.49 ,2.17 
49839.80 ,4075.38 ,602.46 ,1.40 ,2.01 
49704.60 ,3719.62 ,571.76 ,1.36 ,1.93 
49384.20 ,3811.77 ,585.60 ,1.27 ,1.57 
56695.70 ,4167.78 ,672.26 ,1.48 ,1.76 
55848.90 ,3947.90 ,631.68 ,1.39 ,1.64 
58238.30 ,3922.23 ,661.65 ,1.53 ,1.77 
58840.10 ,3905.55 ,646.18 ,1.56 ,1.62 
57337.20 ,3481.22 ,624.02 ,1.58 ,1.65 
56405.40 ,3489.52 ,633.28 ,1.60 ,1.65 
57441.30 ,3522.76 ,650.99 ,1.61 ,1.48 
53741.50 ,3286.71 ,619.96 ,1.40 ,1.29 
57169.80 ,3429.37 ,676.56 ,1.55 ,1.36 
56603.80 ,2950.33 ,621.95 ,1.56 ,1.33 
57807.10 ,2944.66 ,619.84 ,1.65 ,1.35 
57720.30 ,2772.78 ,623.33 ,1.60 ,1.35 
53560.80 ,2757.36 ,600.38 ,1.40 ,1.31 
54841.40 ,2746.54 ,562.49 ,1.36 ,1.34 
55036.50 ,2665.24 ,568.80 ,1.40 ,1.31 
54020.50 ,2533.12 ,535.23 ,1.37 ,1.23 
48963.60 ,2316.48 ,504.29 ,1.03 ,1.09 
50088.90 ,2215.93 ,497.50 ,1.05 ,1.10 
51143.60 ,2367.31 ,526.56 ,1.17 ,1.16 
51729.50 ,2401.10 ,505.84 ,1.16 ,1.15 
53820.20 ,2360.81 ,543.34 ,1.29 ,1.20 
56483.20 ,2332.14 ,587.50 ,1.39 ,1.27 
55646.10 ,2160.63 ,503.97 ,1.31 ,1.20 
56207.10 ,2237.17 ,481.42 ,1.41 ,1.28 
60041.90 ,2318.33 ,515.13 ,1.54 ,1.37 
61379.70 ,2423.18 ,508.73 ,1.55 ,1.41 
63216.00 ,2514.22 ,542.31 ,1.76 ,1.48 
62980.40 ,2431.56 ,549.61 ,1.84 ,1.45 
63540.90 ,2299.93 ,550.10 ,1.80 ,1.41 
59863.80 ,2137.81 ,598.62 ,1.47 ,1.32 
59978.70 ,2151.42 ,525.54 ,1.35 ,1.26 
59748.40 ,2133.79 ,472.25 ,1.37 ,1.22 
58118.70 ,2066.93 ,453.50 ,1.02 ,1.20 
58077.40 ,2079.92 ,417.71 ,1.06 ,1.22 
55948.70 ,1961.46 ,375.47 ,0.92 ,1.17 
57996.30 ,2111.53 ,402.69 ,1.09 ,1.25 
58993.40 ,2106.41 ,367.41 ,0.91 ,1.21 
58199.90 ,2075.94 ,349.37 ,0.63 ,1.18 
57059.90 ,2008.59 ,321.53 ,0.58 ,1.16 
58977.30 ,2134.55 ,338.25 ,0.61 ,1.19 
58718.30 ,1967.96 ,334.33 ,0.57 ,1.18 
58763.70 ,1917.99 ,302.18 ,0.57 ,1.19 
58771.30 ,1841.01 ,311.41 ,0.56 ,1.21 
57616.20 ,1816.69 ,275.12 ,0.57 ,1.20 
55765.20 ,1686.80 ,268.87 ,0.55 ,1.19 
55862.90 ,1713.01 ,269.32 ,0.55 ,1.18 
55036.10 ,1698.60 ,254.99 ,0.56 ,1.21 
51322.30 ,1586.54 ,234.25 ,0.51 ,1.10 
52325.40 ,1582.38 ,248.59 ,0.48 ,1.07 
54452.50 ,1667.90 ,255.43 ,0.55 ,1.12 
54158.30 ,1682.37 ,255.03 ,0.54 ,1.10 
57383.80 ,1783.72 ,264.74 ,0.52 ,1.19 
58093.40 ,1804.60 ,264.10 ,0.52 ,1.20 
58088.00 ,1809.64 ,263.15 ,0.47 ,1.30 
57656.00 ,1776.08 ,261.09 ,0.47 ,1.23 
58913.50 ,1823.35 ,269.86 ,0.47 ,1.38 
56889.70 ,1804.85 ,258.28 ,0.46 ,1.25 
55791.30 ,1792.38 ,254.22 ,0.44 ,1.03 
59113.70 ,1849.06 ,264.25 ,0.44 ,1.06 
61195.30 ,1921.13 ,275.89 ,0.46 ,1.10 
57265.10 ,1766.90 ,263.42 ,0.44 ,1.03 
57799.50 ,1825.79 ,290.07 ,0.45 ,1.12 
55851.90 ,1794.14 ,278.15 ,0.46 ,1.13 
54879.00 ,1869.10 ,292.99 ,0.48 ,1.20 
52311.00 ,1831.49 ,240.59 ,0.47 ,1.12 
50982.30 ,1728.10 ,240.02 ,0.47 ,1.13 
48855.60 ,1649.19 ,226.26 ,0.46 ,1.13 
48792.50 ,1530.29 ,225.63 ,0.46 ,1.16 
48428.00 ,1538.61 ,229.70 ,0.48 ,1.11 
50395.10 ,1571.05 ,240.85 ,0.45 ,1.21 
48424.20 ,1488.62 ,239.46 ,0.44 ,1.22 
49595.50 ,1570.03 ,254.72 ,0.45 ,1.30 
45164.00 ,1418.76 ,210.04 ,0.42 ,1.31 
46136.70 ,1458.93 ,225.07 ,0.44 ,1.32 
46345.60 ,1445.44 ,222.08 ,0.43 ,1.24 
46928.50 ,1476.15 ,233.70 ,0.44 ,1.08 
49697.50 ,1623.71 ,254.26 ,0.47 ,1.05 
48911.20 ,1578.11 ,231.72 ,0.47 ,0.96 
54111.80 ,1777.28 ,267.43 ,0.57 ,1.10 
57433.80 ,1933.45 ,293.76 ,0.54 ,1.10 
55923.70 ,1913.88 ,254.36 ,0.51 ,1.12 
55906.60 ,1955.59 ,332.74 ,0.56 ,0.93 
51582.20 ,1934.16 ,195.74 ,0.53 ,0.91 
52079.20 ,1847.95 ,165.38 ,0.53 ,0.89 
49169.70 ,1781.69 ,130.09 ,0.52 ,0.87 
47936.30 ,1778.82 ,129.98 ,0.55 ,0.86 
48643.40 ,1801.78 ,135.98 ,0.59 ,0.84 
47168.70 ,1815.49 ,133.07 ,0.63 ,0.91 
47371.70 ,1841.02 ,136.52 ,0.61 ,0.92 
47990.70 ,1786.35 ,124.03 ,0.53 ,0.93 
44836.00 ,1742.09 ,128.72 ,0.50 ,0.94 
46508.60 ,1770.63 ,107.60 ,0.48 ,0.71 
46395.70 ,1750.18 ,79.71 ,0.45 ,0.68 
38852.90 ,1612.99 ,68.40 ,0.42 ,0.66 
39256.60 ,1676.63 ,72.58 ,0.44 ,0.63 
38297.60 ,1719.20 ,67.75 ,0.45 ,0.54 
36982.10 ,1594.00 ,55.66 ,0.44 ,0.44 
37646.80 ,1664.34 ,52.13 ,0.40 ,0.44 
35485.20 ,1511.36 ,50.99 ,0.37 ,0.43 
33515.70 ,1373.40 ,51.42 ,0.37 ,0.41 
33108.10 ,1312.73 ,44.27 ,0.49 ,0.35 
34283.10 ,1376.96 ,44.76 ,0.44 ,0.36 
34301.80 ,1379.30 ,42.87 ,0.28 ,0.35 
33374.80 ,1328.47 ,42.47 ,0.26 ,0.34 
30404.00 ,1247.62 ,40.99 ,0.25 ,0.31 
32502.10 ,1366.27 ,41.74 ,0.27 ,0.34 
32252.30 ,1317.90 ,41.78 ,0.27 ,0.34 
32241.30 ,1390.28 ,41.82 ,0.27 ,0.35 
32088.90 ,1233.40 ,40.92 ,0.27 ,0.35 
33000.50 ,1234.58 ,40.87 ,0.27 ,0.35 
30842.10 ,1117.33 ,38.68 ,0.27 ,0.31 
35476.30 ,1377.53 ,42.57 ,0.30 ,0.38 
36002.90 ,1372.00 ,42.62 ,0.29 ,0.37 
36613.20 ,1258.06 ,45.35 ,0.29 ,0.37 
35839.60 ,1232.64 ,45.78 ,0.28 ,0.38 
36019.50 ,1228.27 ,43.10 ,0.28 ,0.35 
36845.80 ,1171.68 ,40.91 ,0.28 ,0.30 
39175.70 ,1226.17 ,41.88 ,0.30 ,0.31 
37382.20 ,1128.46 ,40.12 ,0.31 ,0.31 
34076.10 ,1050.19 ,38.25 ,0.29 ,0.29 
35544.30 ,1091.47 ,38.26 ,0.29 ,0.28 
38192.20 ,1256.04 ,42.43 ,0.32 ,0.30 
40151.90 ,1275.58 ,43.83 ,0.32 ,0.33 
40599.30 ,1215.73 ,42.33 ,0.32 ,0.30 
39460.20 ,1224.35 ,43.64 ,0.32 ,0.30 
36793.20 ,1207.77 ,42.19 ,0.25 ,0.33 
33991.50 ,1099.52 ,41.79 ,0.23 ,0.26 
32022.60 ,1042.40 ,41.10 ,0.24 ,0.23 
32958.90 ,974.97 ,41.22 ,0.22 ,0.21 
32193.30 ,774.50 ,38.23 ,0.22 ,0.18 
29359.90 ,729.12 ,37.72 ,0.24 ,0.18 
28949.40 ,735.94 ,37.34 ,0.22 ,0.18 
28868.70 ,751.80 ,38.10 ,0.21 ,0.18 
27376.00 ,731.76 ,39.10 ,0.22 ,0.19 
27057.80 ,730.05 ,35.94 ,0.25 ,0.18 
26261.30 ,683.71 ,33.68 ,0.28 ,0.15 
26454.40 ,636.58 ,33.59 ,0.29 ,0.16 
24689.60 ,626.93 ,33.18 ,0.32 ,0.16 
23736.50 ,612.34 ,32.51 ,0.34 ,0.15 
23257.90 ,585.69 ,31.19 ,0.26 ,0.14 
23823.20 ,637.47 ,33.52 ,0.45 ,0.16 
22728.50 ,607.85 ,32.15 ,0.51 ,0.15 
23474.90 ,638.26 ,34.27 ,0.56 ,0.16 
23844.00 ,658.17 ,33.30 ,0.58 ,0.16 
23127.90 ,653.85 ,30.96 ,0.58 ,0.17 
22825.40 ,643.17 ,30.22 ,0.58 ,0.16 
21352.20 ,637.38 ,30.56 ,0.57 ,0.17 
19434.90 ,588.91 ,29.51 ,0.47 ,0.15 
19273.80 ,586.19 ,30.03 ,0.50 ,0.16 
19176.80 ,591.09 ,29.14 ,0.51 ,0.15 
18808.90 ,567.78 ,28.14 ,0.51 ,0.14 
18023.60 ,544.17 ,27.33 ,0.55 ,0.14 
18247.20 ,558.13 ,27.66 ,0.57 ,0.14 
18546.00 ,573.21 ,28.14 ,0.58 ,0.15 
18326.60 ,555.05 ,27.68 ,0.56 ,0.14 
19170.70 ,591.09 ,29.37 ,0.61 ,0.15 
19379.90 ,601.68 ,29.56 ,0.62 ,0.16 
19146.50 ,596.68 ,29.73 ,0.59 ,0.16 
18658.10 ,567.91 ,29.03 ,0.55 ,0.15 
19433.30 ,616.32 ,30.70 ,0.63 ,0.16 
19218.80 ,598.05 ,30.30 ,0.63 ,0.16 
18770.70 ,585.66 ,30.21 ,0.61 ,0.16 
19698.10 ,615.92 ,31.49 ,0.66 ,0.17 
18185.50 ,575.45 ,30.09 ,0.61 ,0.17 
17730.70 ,537.74 ,29.16 ,0.63 ,0.16 
17127.10 ,518.11 ,28.44 ,0.56 ,0.14 
17162.00 ,519.32 ,28.22 ,0.54 ,0.14 
18723.00 ,569.67 ,31.29 ,0.63 ,0.16 
19152.60 ,605.03 ,33.91 ,0.69 ,0.17 
18379.60 ,609.22 ,30.98 ,0.62 ,0.15 
18412.90 ,559.40 ,30.04 ,0.45 ,0.15 
18687.20 ,551.91 ,30.50 ,0.46 ,0.13 
18675.20 ,509.98 ,28.96 ,0.33 ,0.12 
17803.50 ,471.21 ,28.10 ,0.30 ,0.11 
17774.60 ,478.52 ,28.07 ,0.29 ,0.11 
17662.30 ,481.95 ,28.56 ,0.30 ,0.11 
16715.80 ,460.43 ,27.96 ,0.29 ,0.10 
15953.00 ,448.23 ,27.66 ,0.27 ,0.10 
16071.00 ,460.70 ,27.91 ,0.27 ,0.10 
16324.20 ,476.29 ,28.19 ,0.27 ,0.11 
16294.70 ,462.56 ,27.71 ,0.25 ,0.10 
15695.80 ,463.33 ,27.99 ,0.26 ,0.11 
15303.60 ,450.22 ,28.19 ,0.25 ,0.11 
15327.20 ,444.33 ,28.09 ,0.25 ,0.11 
15483.70 ,454.68 ,28.38 ,0.25 ,0.11 
14828.40 ,435.40 ,27.76 ,0.25 ,0.10 
15577.90 ,455.72 ,29.06 ,0.26 ,0.11 
15587.10 ,416.63 ,27.69 ,0.25 ,0.10 
14145.60 ,402.19 ,26.94 ,0.24 ,0.10 
14019.90 ,387.92 ,26.87 ,0.24 ,0.09 
13561.40 ,383.53 ,27.80 ,0.24 ,0.09 
13759.40 ,396.29 ,28.51 ,0.24 ,0.10 
13797.30 ,386.42 ,28.51 ,0.24 ,0.09 
13559.90 ,382.41 ,28.49 ,0.24 ,0.09 
13457.20 ,386.76 ,29.86 ,0.24 ,0.10 
13278.90 ,388.14 ,30.33 ,0.25 ,0.10 
13657.80 ,403.15 ,31.50 ,0.25 ,0.10 
13061.60 ,394.11 ,31.04 ,0.25 ,0.10 
13032.20 ,406.09 ,30.15 ,0.25 ,0.11 
13117.20 ,411.92 ,30.64 ,0.26 ,0.11 
12934.10 ,408.52 ,30.64 ,0.25 ,0.11 
12974.60 ,414.05 ,30.65 ,0.26 ,0.11 
12808.70 ,391.20 ,29.74 ,0.25 ,0.11 
11913.50 ,368.35 ,28.80 ,0.24 ,0.10 
11753.40 ,379.19 ,29.92 ,0.25 ,0.11 
11506.90 ,377.81 ,30.66 ,0.24 ,0.11 
11362.10 ,368.63 ,30.23 ,0.24 ,0.11 
11322.00 ,365.17 ,30.02 ,0.24 ,0.10 
11503.00 ,377.45 ,31.31 ,0.25 ,0.11 
11420.40 ,379.15 ,30.84 ,0.25 ,0.11 
11423.80 ,381.23 ,30.72 ,0.26 ,0.11 
11533.90 ,386.68 ,30.72 ,0.26 ,0.11 
11371.00 ,374.19 ,28.52 ,0.26 ,0.11 
11298.40 ,370.16 ,28.38 ,0.25 ,0.11 
11054.20 ,365.28 ,28.38 ,0.25 ,0.10 
10924.10 ,350.83 ,27.69 ,0.25 ,0.10 
10670.90 ,341.48 ,27.70 ,0.25 ,0.09 
10602.60 ,340.61 ,27.70 ,0.25 ,0.09 
10789.50 ,353.28 ,28.59 ,0.25 ,0.10 
10672.90 ,352.73 ,29.01 ,0.25 ,0.10 
10544.20 ,345.60 ,28.18 ,0.23 ,0.09 
10572.30 ,345.68 ,27.30 ,0.23 ,0.09 
10620.50 ,353.07 ,27.48 ,0.24 ,0.10 
10776.10 ,359.39 ,29.32 ,0.24 ,0.10 
10840.90 ,359.86 ,28.81 ,0.24 ,0.10 
10693.20 ,354.08 ,26.98 ,0.24 ,0.10 
10776.20 ,357.23 ,26.23 ,0.24 ,0.10 
10727.90 ,354.25 ,26.20 ,0.24 ,0.10 
10688.80 ,351.63 ,24.68 ,0.24 ,0.10 
10739.40 ,349.17 ,24.57 ,0.23 ,0.08 
10237.30 ,319.95 ,22.81 ,0.22 ,0.08 
10531.50 ,344.03 ,24.03 ,0.23 ,0.08 
10416.80 ,341.30 ,23.03 ,0.23 ,0.08 
10921.50 ,371.12 ,26.37 ,0.25 ,0.09 
11081.80 ,385.25 ,27.20 ,0.25 ,0.09 
10933.00 ,384.20 ,27.67 ,0.25 ,0.09 
10941.30 ,388.97 ,27.06 ,0.25 ,0.09 
10949.50 ,364.88 ,27.83 ,0.25 ,0.09 
10785.30 ,364.01 ,27.11 ,0.24 ,0.09 
10675.30 ,376.70 ,31.10 ,0.25 ,0.10 
10326.00 ,365.71 ,31.16 ,0.24 ,0.10 
10441.90 ,387.98 ,28.50 ,0.25 ,0.10 
10390.20 ,373.72 ,25.40 ,0.24 ,0.10 
10339.70 ,367.92 ,24.53 ,0.24 ,0.10 
10224.60 ,351.10 ,24.49 ,0.24 ,0.09 
10126.60 ,337.46 ,23.24 ,0.24 ,0.09 
10376.90 ,352.06 ,22.45 ,0.24 ,0.09 
10296.40 ,353.49 ,23.18 ,0.24 ,0.09 
10092.20 ,334.91 ,19.47 ,0.24 ,0.09 
10472.50 ,385.94 ,20.95 ,0.25 ,0.10 
10168.80 ,381.97 ,20.33 ,0.24 ,0.09 
11413.30 ,439.08 ,24.70 ,0.28 ,0.11 
11914.90 ,475.80 ,24.72 ,0.30 ,0.12 
11644.20 ,433.90 ,23.13 ,0.28 ,0.12 
11702.00 ,428.86 ,23.63 ,0.28 ,0.12 
11468.10 ,398.80 ,22.94 ,0.27 ,0.12 
11527.40 ,395.11 ,23.07 ,0.27 ,0.11 
11327.40 ,383.11 ,23.11 ,0.26 ,0.11 
11462.30 ,385.96 ,22.20 ,0.28 ,0.11 
11324.80 ,383.20 ,21.39 ,0.28 ,0.11 
11753.50 ,407.70 ,22.61 ,0.29 ,0.12 
11641.60 ,390.50 ,21.84 ,0.28 ,0.12 
11661.30 ,395.56 ,22.20 ,0.29 ,0.13 
11529.20 ,387.99 ,22.06 ,0.28 ,0.12 
11856.90 ,416.05 ,23.07 ,0.29 ,0.13 
11750.20 ,407.44 ,22.35 ,0.29 ,0.13 
11947.60 ,422.16 ,23.01 ,0.30 ,0.14 
12282.60 ,430.56 ,23.50 ,0.32 ,0.14 
11899.00 ,433.63 ,23.50 ,0.30 ,0.14 
11845.30 ,432.18 ,23.01 ,0.30 ,0.14 
11750.80 ,438.03 ,23.11 ,0.30 ,0.14 
11770.90 ,424.31 ,21.78 ,0.29 ,0.14 
11557.20 ,387.12 ,21.50 ,0.28 ,0.14 
11390.40 ,379.01 ,21.27 ,0.28 ,0.14 
11889.20 ,395.53 ,22.63 ,0.29 ,0.14 
11681.20 ,390.23 ,22.44 ,0.29 ,0.15 
11764.30 ,396.76 ,22.92 ,0.30 ,0.15 
11592.00 ,379.57 ,22.33 ,0.29 ,0.14 
11757.10 ,394.83 ,22.75 ,0.30 ,0.14 
11735.10 ,400.79 ,23.28 ,0.30 ,0.14 
11184.70 ,389.62 ,22.30 ,0.30 ,0.14 
11224.40 ,385.80 ,22.07 ,0.31 ,0.14 
11066.80 ,372.08 ,21.00 ,0.29 ,0.13 
11803.10 ,387.14 ,21.62 ,0.29 ,0.14 
11333.40 ,346.51 ,20.67 ,0.26 ,0.14 
11096.20 ,334.87 ,19.98 ,0.24 ,0.14 
11105.90 ,317.82 ,19.84 ,0.24 ,0.14 
10908.50 ,316.96 ,20.17 ,0.23 ,0.15 
11022.80 ,321.80 ,19.79 ,0.22 ,0.14 
9932.50 ,311.13 ,19.55 ,0.22 ,0.15 
9704.10 ,305.32 ,19.80 ,0.21 ,0.14 
9546.40 ,279.33 ,19.18 ,0.20 ,0.12 
9599.60 ,275.34 ,18.76 ,0.21 ,0.12 
9513.70 ,263.28 ,18.10 ,0.20 ,0.12 
9387.30 ,245.53 ,17.72 ,0.20 ,0.12 
9162.40 ,236.10 ,17.47 ,0.19 ,0.12 
9208.00 ,239.01 ,18.01 ,0.20 ,0.12 
9170.20 ,235.75 ,17.13 ,0.20 ,0.12 
9155.80 ,232.75 ,17.07 ,0.19 ,0.12 
9135.30 ,233.65 ,17.15 ,0.19 ,0.13 
9198.70 ,238.62 ,17.63 ,0.20 ,0.13 
9253.40 ,240.50 ,18.09 ,0.20 ,0.13 
9243.60 ,239.73 ,18.42 ,0.20 ,0.12 
9300.80 ,242.75 ,18.31 ,0.20 ,0.13 
9233.30 ,239.20 ,17.62 ,0.20 ,0.13 
9285.10 ,241.26 ,17.30 ,0.20 ,0.12 
9235.70 ,242.02 ,16.84 ,0.20 ,0.12 
9429.90 ,246.99 ,17.26 ,0.21 ,0.13 
9256.00 ,239.25 ,16.80 ,0.19 ,0.12 
9339.00 ,241.56 ,16.30 ,0.19 ,0.11 
9081.00 ,227.98 ,15.50 ,0.18 ,0.10 
9134.40 ,229.15 ,15.56 ,0.18 ,0.10 
9067.10 ,225.12 ,15.28 ,0.18 ,0.10 
9085.10 ,226.42 ,15.36 ,0.17 ,0.09 
9229.90 ,230.95 ,15.81 ,0.18 ,0.10 
9135.40 ,225.63 ,15.40 ,0.18 ,0.08 
9185.40 ,227.87 ,15.46 ,0.18 ,0.08 
9124.00 ,225.09 ,15.39 ,0.18 ,0.08 
9008.30 ,221.06 ,15.13 ,0.18 ,0.08 
9160.00 ,229.67 ,15.77 ,0.18 ,0.08 
9247.50 ,232.56 ,15.91 ,0.18 ,0.08 
9302.00 ,234.75 ,16.00 ,0.18 ,0.08 
9624.60 ,243.20 ,16.39 ,0.19 ,0.08 
9683.70 ,243.25 ,16.50 ,0.19 ,0.08 
9296.40 ,228.13 ,15.97 ,0.19 ,0.08 
9358.80 ,228.86 ,16.06 ,0.19 ,0.08 
9314.00 ,229.11 ,15.98 ,0.19 ,0.08 
9388.10 ,231.34 ,16.15 ,0.19 ,0.08 
9464.60 ,233.88 ,16.40 ,0.19 ,0.08 
9523.50 ,235.36 ,16.43 ,0.19 ,0.08 
9425.40 ,230.93 ,16.38 ,0.19 ,0.08 
9345.30 ,232.02 ,16.56 ,0.19 ,0.08 
9471.30 ,238.22 ,16.81 ,0.19 ,0.08 
9466.60 ,237.54 ,16.64 ,0.19 ,0.08 
9283.20 ,230.71 ,16.23 ,0.19 ,0.08 
9878.80 ,247.78 ,17.39 ,0.20 ,0.08 
9768.80 ,243.82 ,17.37 ,0.20 ,0.08 
9777.90 ,246.18 ,17.43 ,0.20 ,0.09 
9742.60 ,244.56 ,17.42 ,0.20 ,0.09 
9669.60 ,242.00 ,17.56 ,0.20 ,0.09 
9631.20 ,240.23 ,17.70 ,0.20 ,0.09 
9794.40 ,243.37 ,17.52 ,0.20 ,0.09 
9667.20 ,244.52 ,17.56 ,0.20 ,0.09 
9527.60 ,237.94 ,17.28 ,0.20 ,0.08 
10189.30 ,247.97 ,17.92 ,0.21 ,0.08 
9454.80 ,231.81 ,17.11 ,0.20 ,0.07 
9692.50 ,243.63 ,17.73 ,0.21 ,0.08 
9424.80 ,220.66 ,17.00 ,0.20 ,0.06 
9572.20 ,220.18 ,17.08 ,0.20 ,0.07 
9199.10 ,208.18 ,16.46 ,0.20 ,0.06 
8842.50 ,201.00 ,16.22 ,0.19 ,0.05 
8898.20 ,204.13 ,16.38 ,0.20 ,0.05 
8728.20 ,199.97 ,16.01 ,0.19 ,0.05 
9177.00 ,206.62 ,16.47 ,0.20 ,0.05 
9169.70 ,207.35 ,16.59 ,0.20 ,0.06 
9059.00 ,198.75 ,16.09 ,0.19 ,0.05 
9512.30 ,209.99 ,16.90 ,0.20 ,0.06 
9773.30 ,214.51 ,17.20 ,0.20 ,0.06 
9730.70 ,214.87 ,16.63 ,0.21 ,0.05 
9677.70 ,207.00 ,16.29 ,0.20 ,0.05 
9379.50 ,200.51 ,16.05 ,0.20 ,0.05 
9318.00 ,194.85 ,15.71 ,0.20 ,0.05 
9778.40 ,203.30 ,16.39 ,0.20 ,0.05 
9298.70 ,199.58 ,16.11 ,0.20 ,0.05 
8813.80 ,189.84 ,15.76 ,0.20 ,0.05 
8579.80 ,185.96 ,15.12 ,0.19 ,0.05 
8738.80 ,187.78 ,15.28 ,0.20 ,0.05 
9554.60 ,210.22 ,16.81 ,0.22 ,0.05 
9806.20 ,211.45 ,17.14 ,0.22 ,0.05 
9979.80 ,212.00 ,17.00 ,0.22 ,0.05 
9151.40 ,199.04 ,16.37 ,0.21 ,0.05 
9001.00 ,205.36 ,16.86 ,0.22 ,0.05 
8874.70 ,206.61 ,17.02 ,0.22 ,0.05 
8885.50 ,209.83 ,17.11 ,0.22 ,0.05 
8966.30 ,213.96 ,17.51 ,0.22 ,0.05 
8821.60 ,212.00 ,17.44 ,0.22 ,0.05 
8629.00 ,206.22 ,17.00 ,0.21 ,0.05 
8770.90 ,215.40 ,17.43 ,0.23 ,0.05 
7746.90 ,196.55 ,16.32 ,0.21 ,0.05 
7766.00 ,196.14 ,16.49 ,0.20 ,0.05 
7678.90 ,197.35 ,16.36 ,0.20 ,0.05 
7540.40 ,194.01 ,16.22 ,0.19 ,0.04 
7503.80 ,187.58 ,15.91 ,0.19 ,0.04 
7488.50 ,185.46 ,16.02 ,0.19 ,0.04 
7112.90 ,182.72 ,15.70 ,0.19 ,0.04 
6842.50 ,170.79 ,15.10 ,0.18 ,0.03 
6833.50 ,170.40 ,14.96 ,0.18 ,0.03 
7122.90 ,180.13 ,16.06 ,0.19 ,0.04 
7230.80 ,187.45 ,16.62 ,0.20 ,0.04 
7035.80 ,170.63 ,15.63 ,0.19 ,0.03 
7085.60 ,172.31 ,15.63 ,0.19 ,0.03 
6629.10 ,152.90 ,14.57 ,0.18 ,0.03 
6850.90 ,158.45 ,15.60 ,0.19 ,0.03 
6841.30 ,156.38 ,15.04 ,0.19 ,0.03 
6917.60 ,158.73 ,14.29 ,0.19 ,0.03 
6867.80 ,158.18 ,13.81 ,0.19 ,0.03 
6863.10 ,157.86 ,13.72 ,0.19 ,0.03 
7289.00 ,169.68 ,15.01 ,0.20 ,0.04 
7361.20 ,173.00 ,15.09 ,0.20 ,0.04 
7185.20 ,164.71 ,14.75 ,0.19 ,0.04 
7332.30 ,171.06 ,15.19 ,0.20 ,0.04 
6772.70 ,142.58 ,13.69 ,0.18 ,0.03 
6857.40 ,144.01 ,13.76 ,0.18 ,0.03 
6735.90 ,141.14 ,13.36 ,0.18 ,0.03 
6800.50 ,141.30 ,13.02 ,0.18 ,0.03 
6638.50 ,135.66 ,12.71 ,0.17 ,0.03 
6412.50 ,132.86 ,12.55 ,0.17 ,0.03 
6391.00 ,132.15 ,12.16 ,0.17 ,0.03 
5890.40 ,125.24 ,11.30 ,0.16 ,0.03 
6233.70 ,131.03 ,12.18 ,0.18 ,0.03 
6373.40 ,131.74 ,12.33 ,0.17 ,0.03 
6725.10 ,138.38 ,13.21 ,0.18 ,0.03 
6678.90 ,136.07 ,12.34 ,0.16 ,0.03 
6744.60 ,138.62 ,12.34 ,0.16 ,0.03 
6468.90 ,136.02 ,12.19 ,0.16 ,0.03 
5822.10 ,122.41 ,11.16 ,0.15 ,0.03 
6186.20 ,132.58 ,12.11 ,0.16 ,0.03 
6205.30 ,133.32 ,11.94 ,0.16 ,0.03 
6172.00 ,135.43 ,12.30 ,0.16 ,0.03 
5361.40 ,117.77 ,10.40 ,0.15 ,0.03 
5261.10 ,116.06 ,10.29 ,0.15 ,0.03 
5030.00 ,111.02 ,9.42 ,0.14 ,0.02 
5366.30 ,124.35 ,10.40 ,0.15 ,0.03 
5182.70 ,122.69 ,10.13 ,0.15 ,0.03 
5584.30 ,133.99 ,10.96 ,0.16 ,0.03 
4826.00 ,107.90 ,9.25 ,0.14 ,0.02 
7935.10 ,194.58 ,16.54 ,0.21 ,0.04 
7891.20 ,200.56 ,16.84 ,0.21 ,0.04 
7933.00 ,202.85 ,16.55 ,0.21 ,0.04 
8034.10 ,199.16 ,16.93 ,0.20 ,0.04 
8887.80 ,237.32 ,20.24 ,0.24 ,0.05 
9134.80 ,244.90 ,21.37 ,0.24 ,0.05 
9060.30 ,228.45 ,20.76 ,0.24 ,0.05 
8757.90 ,224.38 ,19.98 ,0.23 ,0.05 
8761.40 ,223.94 ,19.63 ,0.23 ,0.05 
8904.80 ,231.87 ,19.93 ,0.24 ,0.05 
8540.00 ,217.99 ,18.89 ,0.23 ,0.05 
8543.70 ,217.52 ,19.28 ,0.23 ,0.05 
8697.50 ,226.93 ,18.96 ,0.24 ,0.05 
8818.60 ,227.53 ,19.20 ,0.24 ,0.05 
8800.30 ,224.30 ,18.76 ,0.23 ,0.05 
9317.20 ,246.96 ,20.24 ,0.25 ,0.06 
9662.70 ,265.65 ,22.14 ,0.27 ,0.06 
9942.70 ,274.72 ,22.81 ,0.28 ,0.06 
9655.70 ,261.64 ,22.03 ,0.27 ,0.06 
9684.50 ,265.11 ,22.16 ,0.27 ,0.06 
9602.40 ,257.39 ,22.11 ,0.27 ,0.06 
9609.40 ,259.12 ,22.31 ,0.28 ,0.06 
10158.40 ,282.26 ,24.04 ,0.30 ,0.06 
9701.40 ,267.63 ,23.45 ,0.29 ,0.06 
9932.30 ,259.99 ,23.40 ,0.29 ,0.06 
9907.70 ,264.87 ,24.28 ,0.31 ,0.06 
10333.00 ,285.25 ,26.32 ,0.34 ,0.07 
10235.10 ,268.75 ,25.53 ,0.33 ,0.07 
10317.70 ,265.58 ,26.43 ,0.30 ,0.07 
10229.50 ,236.76 ,25.68 ,0.28 ,0.06 
9854.10 ,222.95 ,25.14 ,0.27 ,0.06 
10151.50 ,228.59 ,24.28 ,0.28 ,0.06 
9895.50 ,223.23 ,21.76 ,0.28 ,0.06 
9818.60 ,223.51 ,22.03 ,0.28 ,0.06 
9772.00 ,213.16 ,20.62 ,0.28 ,0.06 
9611.80 ,203.83 ,19.25 ,0.28 ,0.06 
9193.90 ,188.93 ,18.17 ,0.27 ,0.06 
9296.60 ,189.79 ,18.46 ,0.25 ,0.06 
9334.90 ,188.50 ,18.41 ,0.25 ,0.06 
9381.60 ,183.64 ,18.24 ,0.24 ,0.06 
9349.10 ,179.91 ,18.20 ,0.24 ,0.05 
9507.30 ,184.59 ,18.53 ,0.24 ,0.06 
9298.90 ,173.86 ,17.90 ,0.24 ,0.05 
9377.30 ,175.74 ,17.99 ,0.24 ,0.05 
8866.60 ,170.27 ,17.64 ,0.23 ,0.05 
8607.80 ,167.90 ,17.46 ,0.23 ,0.04 
8341.60 ,160.44 ,16.96 ,0.22 ,0.04 
8439.90 ,162.55 ,17.05 ,0.22 ,0.05 
8405.10 ,162.80 ,17.04 ,0.23 ,0.04 
8678.50 ,168.13 ,17.80 ,0.24 ,0.05 
8732.60 ,169.41 ,18.09 ,0.24 ,0.05 
8641.90 ,166.87 ,17.31 ,0.23 ,0.04 
8706.20 ,166.92 ,17.36 ,0.24 ,0.04 
8916.30 ,174.19 ,17.81 ,0.24 ,0.04 
8913.10 ,170.22 ,18.07 ,0.24 ,0.05 
8726.90 ,164.36 ,17.04 ,0.23 ,0.04 
8818.30 ,166.45 ,17.62 ,0.23 ,0.04 
8829.20 ,166.07 ,16.65 ,0.23 ,0.04 
8111.40 ,143.60 ,15.17 ,0.21 ,0.04 
8187.60 ,146.46 ,15.33 ,0.22 ,0.04 
8024.10 ,142.67 ,14.94 ,0.21 ,0.04 
8187.10 ,144.81 ,15.06 ,0.21 ,0.04 
7842.40 ,137.92 ,14.40 ,0.20 ,0.04 
8059.60 ,140.81 ,14.54 ,0.21 ,0.04 
8155.70 ,143.04 ,15.02 ,0.21 ,0.04 
7759.10 ,144.08 ,14.96 ,0.22 ,0.04 
7372.50 ,135.59 ,14.07 ,0.19 ,0.03 
7376.80 ,134.33 ,13.85 ,0.19 ,0.03 
7343.10 ,134.27 ,13.65 ,0.19 ,0.03 
6967.00 ,127.19 ,13.03 ,0.19 ,0.03 
7199.80 ,130.75 ,13.70 ,0.19 ,0.03 
7196.40 ,129.21 ,13.73 ,0.19 ,0.03 
7261.80 ,131.83 ,13.89 ,0.19 ,0.03 
7397.50 ,134.40 ,14.11 ,0.20 ,0.03 
7321.50 ,128.35 ,13.71 ,0.19 ,0.03 
7261.70 ,126.41 ,13.30 ,0.19 ,0.03 
7210.90 ,125.93 ,13.19 ,0.19 ,0.03 
7224.80 ,125.24 ,13.04 ,0.19 ,0.03 
7268.30 ,128.05 ,13.37 ,0.19 ,0.03 
7322.80 ,128.08 ,13.35 ,0.19 ,0.03 
7495.80 ,132.19 ,13.81 ,0.20 ,0.03 
7156.20 ,127.61 ,13.34 ,0.19 ,0.03 
7196.40 ,128.70 ,13.56 ,0.20 ,0.03 
7165.50 ,128.42 ,13.35 ,0.19 ,0.03 
7276.00 ,132.92 ,13.59 ,0.20 ,0.03 
6613.30 ,122.06 ,12.37 ,0.18 ,0.03 
6903.50 ,132.78 ,13.61 ,0.21 ,0.03 
7128.50 ,142.53 ,14.55 ,0.22 ,0.04 
7080.80 ,142.03 ,14.53 ,0.22 ,0.04 
7255.20 ,144.96 ,14.91 ,0.22 ,0.04 
7208.00 ,145.03 ,14.83 ,0.22 ,0.04 
7208.00 ,143.51 ,14.86 ,0.22 ,0.04 
7235.70 ,145.86 ,15.02 ,0.22 ,0.04 
7355.80 ,147.88 ,15.44 ,0.22 ,0.04 
7524.40 ,151.17 ,15.64 ,0.23 ,0.04 
7510.90 ,148.28 ,15.63 ,0.23 ,0.04 
7530.80 ,148.89 ,15.70 ,0.23 ,0.04 
7399.20 ,148.69 ,15.67 ,0.22 ,0.04 
7204.40 ,145.79 ,15.16 ,0.21 ,0.04 
7291.80 ,147.82 ,15.32 ,0.22 ,0.04 
7298.20 ,148.89 ,15.21 ,0.22 ,0.04 
7396.40 ,151.04 ,15.53 ,0.22 ,0.04 
7546.60 ,151.95 ,15.68 ,0.23 ,0.04 
7742.70 ,154.55 ,16.14 ,0.23 ,0.04 
7426.70 ,151.07 ,15.52 ,0.22 ,0.04 
7510.60 ,152.70 ,16.03 ,0.22 ,0.04 
7162.80 ,147.61 ,15.47 ,0.22 ,0.04 
7115.60 ,145.90 ,15.30 ,0.22 ,0.04 
6924.70 ,140.66 ,15.21 ,0.22 ,0.04 
7324.10 ,152.46 ,16.29 ,0.23 ,0.04 
7272.50 ,149.80 ,15.58 ,0.23 ,0.04 
7627.90 ,161.46 ,16.81 ,0.24 ,0.04 
8099.30 ,174.96 ,18.02 ,0.25 ,0.04 
8145.70 ,176.09 ,18.48 ,0.25 ,0.04 
8208.40 ,178.50 ,19.10 ,0.25 ,0.04 
8509.80 ,184.18 ,20.16 ,0.26 ,0.05 
8497.30 ,182.42 ,20.10 ,0.26 ,0.04 
8476.30 ,180.19 ,20.31 ,0.26 ,0.04 
8661.20 ,185.25 ,21.21 ,0.27 ,0.04 
8783.10 ,188.36 ,21.31 ,0.27 ,0.04 
8812.60 ,186.99 ,20.89 ,0.27 ,0.04 
8736.90 ,185.09 ,20.11 ,0.27 ,0.04 
9036.80 ,188.99 ,20.42 ,0.28 ,0.04 
8804.50 ,184.96 ,19.76 ,0.28 ,0.04 
8778.20 ,184.03 ,19.71 ,0.28 ,0.04 
9223.50 ,186.94 ,20.40 ,0.29 ,0.04 
9338.90 ,191.28 ,20.65 ,0.31 ,0.04 
9310.80 ,188.67 ,20.62 ,0.30 ,0.04 
9396.40 ,185.85 ,20.62 ,0.30 ,0.04 
9198.30 ,181.70 ,20.16 ,0.29 ,0.04 
9300.60 ,183.01 ,20.19 ,0.29 ,0.04 
9230.10 ,183.12 ,19.90 ,0.29 ,0.04 
9152.60 ,182.37 ,19.85 ,0.29 ,0.04 
9157.90 ,183.25 ,19.90 ,0.29 ,0.04 
9411.30 ,190.45 ,20.66 ,0.30 ,0.04 
9207.20 ,181.67 ,19.90 ,0.29 ,0.04 
9529.60 ,184.05 ,19.30 ,0.30 ,0.04 
9230.60 ,179.62 ,18.93 ,0.29 ,0.04 
8658.30 ,181.49 ,18.60 ,0.30 ,0.04 
7422.70 ,160.73 ,16.90 ,0.28 ,0.04 
7477.00 ,162.28 ,16.72 ,0.27 ,0.04 
8031.40 ,171.42 ,18.19 ,0.29 ,0.04 
8208.20 ,174.18 ,18.25 ,0.29 ,0.04 
8223.40 ,175.14 ,18.47 ,0.29 ,0.04 
7957.30 ,171.91 ,18.17 ,0.29 ,0.04 
7948.50 ,172.81 ,18.20 ,0.29 ,0.04 
8073.30 ,177.31 ,18.50 ,0.30 ,0.04 
8000.40 ,174.53 ,17.76 ,0.28 ,0.04 
8167.20 ,180.59 ,18.44 ,0.29 ,0.04 
8353.30 ,186.63 ,18.43 ,0.30 ,0.04 
8281.50 ,181.11 ,18.21 ,0.28 ,0.04 
8304.40 ,179.87 ,17.20 ,0.27 ,0.04 
8267.80 ,180.60 ,16.60 ,0.27 ,0.04 
8562.30 ,191.10 ,17.53 ,0.27 ,0.04 
8566.70 ,192.64 ,17.71 ,0.28 ,0.04 
8182.90 ,180.78 ,16.04 ,0.28 ,0.04 
8198.60 ,179.87 ,16.05 ,0.28 ,0.04 
7881.90 ,170.55 ,15.36 ,0.26 ,0.04 
8127.30 ,176.43 ,15.71 ,0.25 ,0.04 
8148.10 ,175.65 ,15.65 ,0.25 ,0.04 
8226.90 ,174.54 ,15.70 ,0.25 ,0.04 
8364.10 ,180.27 ,15.91 ,0.25 ,0.04 
8302.70 ,175.78 ,15.85 ,0.25 ,0.04 
8284.30 ,180.35 ,15.84 ,0.26 ,0.04 
8049.10 ,169.29 ,15.27 ,0.24 ,0.04 
8208.50 ,173.62 ,15.75 ,0.24 ,0.04 
8184.90 ,173.19 ,15.65 ,0.24 ,0.04 
8063.80 ,164.56 ,15.41 ,0.24 ,0.04 
8432.40 ,168.92 ,16.25 ,0.25 ,0.04 
8513.90 ,166.29 ,16.01 ,0.23 ,0.04 
9702.20 ,201.18 ,19.59 ,0.27 ,0.05 
10031.60 ,211.13 ,20.55 ,0.28 ,0.05 
9993.00 ,215.22 ,21.14 ,0.29 ,0.05 
10172.70 ,218.00 ,21.40 ,0.29 ,0.05 
10250.50 ,220.21 ,21.61 ,0.30 ,0.05 
10164.70 ,210.43 ,22.22 ,0.31 ,0.05 
10195.70 ,207.77 ,21.08 ,0.29 ,0.05 
10255.50 ,197.32 ,20.46 ,0.26 ,0.05 
10311.50 ,189.10 ,20.60 ,0.26 ,0.05 
10337.30 ,188.16 ,21.10 ,0.26 ,0.05 
10342.10 ,181.11 ,20.93 ,0.26 ,0.05 
10415.10 ,180.87 ,20.92 ,0.25 ,0.05 
10162.50 ,178.47 ,20.97 ,0.26 ,0.04 
10105.40 ,180.05 ,22.07 ,0.26 ,0.05 
10309.00 ,180.65 ,22.33 ,0.26 ,0.05 
10402.80 ,181.44 ,22.59 ,0.26 ,0.05 
10461.10 ,177.74 ,22.48 ,0.26 ,0.05 
10309.30 ,169.15 ,22.08 ,0.25 ,0.04 
10566.90 ,173.83 ,22.76 ,0.26 ,0.04 
10568.20 ,174.79 ,21.83 ,0.26 ,0.05 
10612.30 ,178.81 ,22.50 ,0.26 ,0.05 
10348.80 ,178.11 ,22.77 ,0.26 ,0.05 
9729.30 ,169.72 ,21.54 ,0.26 ,0.04 
9594.40 ,171.62 ,21.22 ,0.26 ,0.04 
9585.40 ,168.16 ,22.17 ,0.26 ,0.04 
9491.00 ,168.66 ,21.84 ,0.26 ,0.04 
9729.40 ,172.85 ,23.42 ,0.26 ,0.05 
10184.80 ,186.58 ,25.59 ,0.27 ,0.05 
10371.80 ,188.34 ,26.12 ,0.27 ,0.05 
10136.30 ,186.30 ,26.08 ,0.27 ,0.05 
10131.00 ,190.15 ,26.44 ,0.27 ,0.05 
10388.70 ,193.43 ,27.03 ,0.28 ,0.05 
10105.00 ,190.29 ,27.02 ,0.27 ,0.05 
10141.50 ,187.24 ,26.95 ,0.27 ,0.05 
10752.60 ,196.14 ,27.99 ,0.27 ,0.05 
10910.70 ,201.64 ,28.78 ,0.28 ,0.05 
10312.70 ,193.68 ,27.91 ,0.28 ,0.05 
10218.10 ,184.81 ,27.45 ,0.27 ,0.05 
10335.60 ,184.55 ,27.50 ,0.26 ,0.05 
10303.40 ,187.80 ,28.10 ,0.26 ,0.05 
10049.40 ,186.56 ,27.00 ,0.26 ,0.05 
10892.90 ,207.68 ,29.44 ,0.30 ,0.05 
11394.20 ,210.45 ,30.18 ,0.30 ,0.05 
11517.20 ,215.83 ,30.26 ,0.30 ,0.06 
11314.50 ,205.93 ,29.60 ,0.30 ,0.05 
12089.80 ,209.49 ,29.82 ,0.30 ,0.05 
12191.60 ,220.16 ,31.20 ,0.31 ,0.05 
12013.90 ,224.66 ,29.65 ,0.31 ,0.05 
11480.90 ,225.63 ,27.65 ,0.31 ,0.05 
11816.80 ,232.45 ,27.97 ,0.32 ,0.06 
10934.60 ,220.72 ,27.38 ,0.32 ,0.06 
10815.70 ,220.89 ,27.74 ,0.32 ,0.06 
10520.10 ,216.54 ,28.10 ,0.31 ,0.06 
10380.00 ,216.37 ,28.69 ,0.32 ,0.06 
10082.00 ,217.23 ,27.73 ,0.32 ,0.06 
9580.70 ,208.49 ,26.94 ,0.32 ,0.06 
9580.90 ,209.82 ,27.03 ,0.31 ,0.06 
9727.80 ,210.37 ,27.72 ,0.31 ,0.06 
9492.10 ,206.62 ,27.70 ,0.31 ,0.06 
9831.00 ,217.83 ,28.88 ,0.32 ,0.06 
9945.30 ,217.65 ,28.92 ,0.31 ,0.06 
9804.30 ,215.44 ,28.88 ,0.32 ,0.06 
9888.70 ,211.87 ,29.46 ,0.31 ,0.06 
10412.50 ,217.27 ,30.84 ,0.32 ,0.06 
10714.40 ,225.01 ,30.42 ,0.33 ,0.06 
10826.70 ,227.86 ,31.07 ,0.33 ,0.06 
10571.50 ,220.09 ,28.99 ,0.32 ,0.06 
10651.40 ,225.23 ,28.91 ,0.32 ,0.06 
9723.20 ,210.95 ,27.61 ,0.31 ,0.06 
9424.80 ,198.87 ,25.06 ,0.30 ,0.05 
10845.90 ,228.49 ,28.58 ,0.31 ,0.06 
10200.10 ,226.62 ,28.50 ,0.30 ,0.06 
11364.90 ,269.16 ,31.46 ,0.33 ,0.07 
11762.10 ,274.68 ,31.88 ,0.34 ,0.07 
11342.30 ,268.72 ,29.43 ,0.33 ,0.07 
12110.60 ,289.10 ,31.22 ,0.36 ,0.07 
12541.50 ,307.41 ,32.52 ,0.39 ,0.08 
12252.60 ,312.23 ,33.40 ,0.40 ,0.08 
11415.90 ,304.88 ,32.97 ,0.40 ,0.08 
11268.00 ,288.08 ,32.61 ,0.39 ,0.08 
10970.20 ,287.15 ,32.60 ,0.38 ,0.08 
11163.10 ,283.43 ,33.07 ,0.39 ,0.08 
11900.80 ,300.58 ,32.48 ,0.40 ,0.08 
10835.90 ,291.41 ,31.97 ,0.40 ,0.08 
10616.60 ,294.83 ,33.27 ,0.41 ,0.08 
10818.60 ,292.21 ,32.11 ,0.40 ,0.08 
11906.50 ,318.48 ,35.49 ,0.43 ,0.09 
12409.10 ,310.56 ,34.61 ,0.43 ,0.09 
11287.80 ,297.55 ,34.42 ,0.41 ,0.09 
13063.80 ,338.54 ,36.02 ,0.47 ,0.10 
11809.90 ,317.65 ,36.08 ,0.47 ,0.10 
11046.40 ,311.46 ,37.43 ,0.47 ,0.10 
10897.10 ,308.53 ,37.25 ,0.47 ,0.10 
10721.70 ,310.38 ,37.96 ,0.48 ,0.09 
10179.30 ,294.72 ,38.65 ,0.44 ,0.09 
9517.00 ,271.43 ,36.78 ,0.43 ,0.09 
9255.40 ,268.26 ,35.12 ,0.43 ,0.09 
9080.60 ,264.59 ,34.50 ,0.43 ,0.09 
9318.80 ,273.00 ,33.78 ,0.45 ,0.09 
8962.50 ,267.98 ,32.20 ,0.43 ,0.09 
8812.50 ,267.75 ,32.71 ,0.41 ,0.09 
8656.10 ,262.53 ,32.42 ,0.40 ,0.09 
8219.00 ,254.86 ,35.20 ,0.40 ,0.09 
8133.10 ,261.54 ,34.84 ,0.40 ,0.10 
7888.00 ,244.41 ,31.89 ,0.39 ,0.09 
7987.80 ,246.86 ,31.99 ,0.40 ,0.09 
7635.00 ,231.27 ,30.15 ,0.39 ,0.08 
7901.40 ,243.42 ,31.70 ,0.41 ,0.08 
7985.20 ,248.98 ,31.43 ,0.42 ,0.09 
7784.90 ,248.54 ,31.15 ,0.42 ,0.08 
7779.10 ,245.83 ,30.85 ,0.40 ,0.08 
7685.50 ,241.26 ,29.20 ,0.40 ,0.08 
8124.80 ,250.37 ,30.87 ,0.42 ,0.09 
8728.60 ,269.01 ,33.16 ,0.44 ,0.10 
8545.70 ,264.31 ,33.30 ,0.43 ,0.09 
8558.30 ,267.99 ,32.93 ,0.44 ,0.09 
8271.90 ,254.52 ,31.63 ,0.42 ,0.08 
8647.80 ,268.61 ,33.62 ,0.44 ,0.09 
8716.30 ,271.18 ,33.12 ,0.45 ,0.09 
8760.10 ,270.98 ,33.46 ,0.43 ,0.09 
8630.20 ,264.68 ,33.27 ,0.40 ,0.09 
8027.40 ,250.68 ,35.12 ,0.39 ,0.08 
7970.10 ,249.17 ,34.10 ,0.38 ,0.08 
7852.10 ,244.68 ,31.42 ,0.38 ,0.08 
7635.70 ,244.34 ,31.05 ,0.37 ,0.08 
7930.30 ,253.76 ,32.41 ,0.40 ,0.08 
7965.30 ,250.72 ,29.27 ,0.40 ,0.08 
8157.20 ,259.63 ,29.17 ,0.42 ,0.09 
7262.60 ,233.89 ,28.87 ,0.37 ,0.08 
7359.50 ,244.45 ,25.80 ,0.39 ,0.08 
7871.80 ,264.69 ,26.29 ,0.42 ,0.09 
8164.60 ,248.15 ,26.82 ,0.46 ,0.09 
7994.60 ,217.42 ,23.64 ,0.41 ,0.08 
7806.00 ,196.02 ,23.50 ,0.32 ,0.07 
6984.80 ,188.07 ,20.96 ,0.31 ,0.07 
7190.30 ,192.27 ,20.85 ,0.32 ,0.07 
6386.00 ,172.77 ,19.62 ,0.30 ,0.06 
6191.50 ,170.84 ,18.82 ,0.30 ,0.06 
5990.30 ,170.77 ,20.67 ,0.30 ,0.06 
5849.50 ,169.34 ,20.66 ,0.30 ,0.06 
5745.10 ,173.00 ,22.18 ,0.30 ,0.07 
5774.90 ,163.03 ,22.98 ,0.30 ,0.07 
5830.90 ,163.68 ,22.90 ,0.30 ,0.07 
5766.80 ,167.86 ,23.70 ,0.31 ,0.07 
5493.80 ,161.66 ,23.61 ,0.30 ,0.07 
5384.20 ,160.38 ,21.88 ,0.30 ,0.07 
5320.80 ,161.80 ,22.04 ,0.31 ,0.07 
5235.00 ,154.93 ,21.67 ,0.29 ,0.06 
5302.30 ,158.27 ,23.01 ,0.30 ,0.07 
5265.90 ,159.41 ,22.42 ,0.30 ,0.07 
5298.30 ,157.97 ,23.06 ,0.30 ,0.07 
5209.10 ,155.18 ,22.48 ,0.29 ,0.07 
5415.60 ,165.22 ,23.01 ,0.30 ,0.07 
5511.60 ,169.95 ,22.55 ,0.32 ,0.07 
5346.70 ,170.87 ,23.78 ,0.32 ,0.08 
5243.50 ,168.52 ,24.03 ,0.32 ,0.07 
5290.20 ,172.73 ,24.89 ,0.33 ,0.08 
5241.00 ,172.79 ,24.32 ,0.33 ,0.08 
5264.70 ,173.33 ,21.88 ,0.34 ,0.08 
5208.30 ,165.90 ,19.49 ,0.33 ,0.08 
5180.90 ,165.65 ,19.64 ,0.32 ,0.08 
5032.30 ,160.17 ,19.27 ,0.32 ,0.08 
5134.80 ,167.29 ,19.38 ,0.33 ,0.08 
5051.80 ,163.19 ,18.62 ,0.32 ,0.08 
5054.20 ,163.47 ,18.32 ,0.32 ,0.08 
5022.60 ,164.36 ,17.53 ,0.33 ,0.08 
5307.80 ,177.37 ,18.24 ,0.35 ,0.09 
5158.40 ,175.09 ,18.30 ,0.35 ,0.08 
5245.20 ,179.16 ,17.98 ,0.36 ,0.09 
5173.60 ,174.33 ,18.96 ,0.36 ,0.09 
5046.20 ,165.55 ,19.06 ,0.35 ,0.09 
5010.20 ,164.93 ,19.36 ,0.36 ,0.09 
4902.40 ,157.43 ,19.00 ,0.33 ,0.09 
4968.70 ,160.34 ,18.51 ,0.34 ,0.09 
4859.30 ,163.47 ,19.72 ,0.35 ,0.09 
4145.10 ,141.50 ,17.91 ,0.31 ,0.07 
4102.30 ,141.79 ,17.53 ,0.31 ,0.07 
4111.80 ,142.65 ,16.97 ,0.31 ,0.07 
4102.20 ,143.38 ,16.49 ,0.31 ,0.07 
4025.60 ,138.15 ,16.65 ,0.31 ,0.07 
4041.70 ,139.65 ,16.58 ,0.31 ,0.07 
3942.80 ,134.37 ,16.18 ,0.30 ,0.06 
3937.00 ,134.25 ,16.79 ,0.30 ,0.06 
3994.70 ,136.44 ,17.13 ,0.31 ,0.06 
4002.50 ,137.53 ,15.15 ,0.31 ,0.06 
3990.40 ,136.42 ,15.15 ,0.31 ,0.06 
3982.20 ,135.11 ,14.35 ,0.31 ,0.05 
4041.20 ,139.31 ,15.13 ,0.32 ,0.05 
4017.00 ,138.72 ,15.51 ,0.32 ,0.05 
3990.20 ,137.92 ,15.54 ,0.31 ,0.05 
3981.50 ,138.91 ,15.62 ,0.32 ,0.05 
4006.40 ,141.15 ,15.95 ,0.32 ,0.05 
3924.30 ,136.75 ,14.94 ,0.32 ,0.05 
3879.00 ,132.45 ,14.90 ,0.31 ,0.05 
3865.10 ,131.97 ,15.02 ,0.31 ,0.05 
3886.00 ,133.80 ,15.34 ,0.31 ,0.05 
3870.30 ,132.99 ,14.41 ,0.31 ,0.05 
3915.20 ,135.72 ,14.37 ,0.31 ,0.05 
3944.30 ,137.52 ,14.47 ,0.31 ,0.05 
3865.90 ,133.85 ,14.29 ,0.31 ,0.04 
3875.10 ,136.93 ,15.10 ,0.31 ,0.04 
3863.00 ,137.62 ,14.58 ,0.32 ,0.04 
3857.20 ,136.82 ,13.65 ,0.32 ,0.04 
3715.90 ,125.97 ,11.41 ,0.30 ,0.04 
3809.50 ,131.01 ,11.45 ,0.31 ,0.04 
3823.10 ,132.76 ,11.75 ,0.31 ,0.04 
3821.90 ,135.72 ,11.35 ,0.32 ,0.04 
3816.60 ,135.47 ,10.27 ,0.31 ,0.04 
3814.60 ,135.20 ,9.85 ,0.31 ,0.04 
3810.30 ,136.67 ,9.43 ,0.32 ,0.04 
3833.70 ,138.27 ,9.69 ,0.33 ,0.04 
3755.20 ,132.93 ,9.93 ,0.30 ,0.04 
4120.40 ,158.30 ,10.73 ,0.33 ,0.05 
3965.20 ,147.97 ,10.76 ,0.32 ,0.05 
3936.60 ,145.78 ,10.47 ,0.32 ,0.05 
3972.40 ,149.11 ,10.94 ,0.33 ,0.05 
3914.30 ,144.01 ,10.47 ,0.32 ,0.05 
3896.00 ,145.80 ,9.61 ,0.32 ,0.05 
3664.20 ,133.79 ,9.22 ,0.30 ,0.04 
3616.80 ,122.87 ,9.10 ,0.30 ,0.04 
3604.70 ,121.73 ,9.25 ,0.30 ,0.04 
3592.60 ,120.97 ,8.75 ,0.30 ,0.04 
3611.50 ,122.22 ,8.92 ,0.30 ,0.04 
3632.00 ,122.64 ,9.28 ,0.30 ,0.04 
3631.80 ,121.30 ,9.53 ,0.30 ,0.04 
3679.00 ,124.92 ,9.16 ,0.31 ,0.04 
3661.40 ,119.44 ,8.90 ,0.31 ,0.04 
3661.70 ,119.23 ,8.59 ,0.31 ,0.04 
3397.70 ,104.55 ,7.81 ,0.29 ,0.04 
3404.30 ,104.63 ,8.13 ,0.29 ,0.04 
3468.40 ,107.37 ,7.86 ,0.30 ,0.04 
3462.80 ,107.90 ,7.11 ,0.30 ,0.04 
3459.10 ,107.62 ,6.79 ,0.30 ,0.04 
3502.50 ,110.68 ,6.87 ,0.31 ,0.04 
3467.90 ,106.98 ,6.52 ,0.31 ,0.04 
3437.20 ,106.71 ,6.22 ,0.31 ,0.04 
3460.00 ,108.52 ,6.13 ,0.32 ,0.04 
3414.80 ,104.79 ,6.14 ,0.29 ,0.04 
3442.80 ,105.82 ,6.15 ,0.29 ,0.04 
3555.60 ,112.50 ,7.04 ,0.31 ,0.04 
3570.90 ,115.83 ,6.95 ,0.31 ,0.04 
3572.00 ,115.50 ,6.68 ,0.31 ,0.04 
3574.30 ,116.71 ,6.46 ,0.32 ,0.04 
3561.50 ,116.84 ,6.49 ,0.31 ,0.04 
3580.10 ,118.23 ,6.48 ,0.32 ,0.04 
3536.70 ,116.05 ,6.47 ,0.32 ,0.04 
3542.30 ,117.52 ,6.40 ,0.32 ,0.04 
3677.80 ,123.02 ,6.53 ,0.33 ,0.05 
3605.60 ,119.34 ,6.48 ,0.32 ,0.04 
3626.40 ,122.03 ,6.32 ,0.33 ,0.04 
3588.00 ,121.72 ,6.09 ,0.33 ,0.04 
3571.30 ,119.62 ,5.81 ,0.32 ,0.04 
3638.10 ,127.53 ,6.06 ,0.33 ,0.04 
3490.20 ,114.64 ,5.47 ,0.31 ,0.04 
3597.20 ,123.75 ,5.86 ,0.33 ,0.04 
3616.50 ,125.15 ,5.96 ,0.33 ,0.04 
3603.70 ,125.63 ,5.80 ,0.33 ,0.04 
3978.00 ,148.79 ,6.56 ,0.37 ,0.05 
3971.00 ,148.41 ,6.52 ,0.36 ,0.05 
3985.90 ,149.96 ,6.20 ,0.36 ,0.05 
4004.10 ,154.96 ,6.26 ,0.36 ,0.05 
3785.40 ,153.49 ,5.97 ,0.35 ,0.04 
3802.70 ,152.86 ,5.96 ,0.36 ,0.04 
3780.10 ,146.94 ,5.79 ,0.35 ,0.04 
3873.80 ,152.95 ,6.05 ,0.37 ,0.04 
3809.40 ,139.61 ,5.99 ,0.36 ,0.04 
3709.40 ,131.90 ,6.11 ,0.35 ,0.04 
3815.00 ,138.45 ,5.89 ,0.37 ,0.04 
3706.80 ,133.67 ,5.65 ,0.36 ,0.04 
3861.60 ,136.61 ,5.88 ,0.37 ,0.04 
3586.90 ,114.56 ,5.17 ,0.34 ,0.04 
3793.70 ,130.06 ,5.60 ,0.38 ,0.04 
3762.50 ,128.39 ,5.44 ,0.38 ,0.04 
4026.10 ,139.23 ,6.10 ,0.40 ,0.05 
3944.40 ,129.60 ,5.96 ,0.37 ,0.04 
3964.40 ,115.84 ,5.83 ,0.36 ,0.04 
3850.90 ,108.18 ,5.47 ,0.36 ,0.04 
4076.00 ,114.61 ,5.66 ,0.38 ,0.04 
3687.10 ,99.37 ,5.36 ,0.35 ,0.03 
3668.00 ,100.66 ,5.54 ,0.35 ,0.03 
3526.10 ,94.37 ,5.05 ,0.33 ,0.03 
3247.90 ,84.72 ,4.62 ,0.29 ,0.03 
3228.70 ,83.90 ,4.55 ,0.29 ,0.03 
3247.80 ,83.81 ,4.52 ,0.29 ,0.03 
3315.30 ,86.31 ,4.64 ,0.30 ,0.03 
3466.10 ,89.62 ,4.98 ,0.31 ,0.03 
3407.70 ,88.32 ,4.75 ,0.30 ,0.03 
3460.50 ,90.17 ,4.63 ,0.30 ,0.03 
3567.50 ,93.62 ,4.77 ,0.31 ,0.03 
3430.40 ,90.57 ,4.63 ,0.30 ,0.03 
3422.20 ,93.27 ,4.52 ,0.30 ,0.03 
3508.60 ,90.86 ,4.90 ,0.31 ,0.03 
3771.60 ,102.33 ,6.06 ,0.34 ,0.03 
3958.50 ,110.09 ,5.89 ,0.35 ,0.04 
3897.80 ,108.66 ,5.13 ,0.35 ,0.04 
4160.40 ,116.41 ,5.28 ,0.37 ,0.04 
4196.20 ,118.23 ,5.28 ,0.37 ,0.04 
4039.70 ,113.77 ,5.12 ,0.36 ,0.04 
4296.50 ,117.85 ,5.38 ,0.38 ,0.04 
4265.40 ,122.74 ,5.35 ,0.39 ,0.04 
3866.50 ,111.18 ,4.99 ,0.37 ,0.04 
3837.00 ,110.08 ,5.04 ,0.36 ,0.04 
4062.20 ,118.04 ,5.28 ,0.38 ,0.04 
3920.40 ,114.43 ,5.20 ,0.38 ,0.04 
4398.00 ,124.64 ,5.65 ,0.41 ,0.04 
4356.00 ,126.12 ,5.75 ,0.43 ,0.04 
4638.70 ,137.72 ,6.29 ,0.45 ,0.05 
4524.60 ,132.92 ,5.94 ,0.44 ,0.05 
4883.80 ,150.12 ,6.70 ,0.48 ,0.05 
5658.30 ,178.65 ,8.08 ,0.52 ,0.06 
5621.80 ,176.53 ,7.85 ,0.50 ,0.06 
5636.20 ,177.01 ,8.01 ,0.48 ,0.06 
5718.90 ,184.10 ,8.38 ,0.49 ,0.06 
5842.40 ,187.46 ,8.68 ,0.48 ,0.07 
6429.20 ,210.44 ,9.39 ,0.52 ,0.07 
6435.00 ,212.79 ,9.48 ,0.52 ,0.08 
6446.10 ,213.18 ,9.55 ,0.51 ,0.08 
6427.10 ,213.21 ,9.59 ,0.51 ,0.08 
6412.00 ,211.39 ,9.62 ,0.50 ,0.07 
6474.00 ,212.87 ,9.69 ,0.50 ,0.08 
6565.30 ,218.80 ,9.89 ,0.54 ,0.08 
6502.80 ,220.22 ,9.86 ,0.55 ,0.08 
6459.70 ,210.67 ,9.73 ,0.50 ,0.08 
6478.20 ,211.86 ,9.82 ,0.47 ,0.08 
6386.20 ,200.23 ,9.58 ,0.46 ,0.07 
6424.70 ,202.66 ,9.65 ,0.46 ,0.07 
6400.50 ,198.17 ,9.62 ,0.46 ,0.07 
6365.90 ,198.59 ,9.49 ,0.45 ,0.07 
6325.70 ,197.39 ,9.43 ,0.45 ,0.07 
6335.00 ,197.05 ,9.44 ,0.44 ,0.07 
6486.10 ,204.99 ,9.70 ,0.46 ,0.07 
6494.20 ,204.36 ,9.73 ,0.46 ,0.07 
6510.00 ,204.58 ,9.83 ,0.47 ,0.07 
6507.00 ,204.11 ,9.80 ,0.46 ,0.07 
6530.70 ,205.12 ,9.87 ,0.46 ,0.08 
6528.70 ,205.68 ,9.92 ,0.47 ,0.08 
6555.80 ,206.77 ,9.88 ,0.46 ,0.08 
6583.00 ,207.37 ,9.92 ,0.46 ,0.08 
6572.20 ,208.04 ,9.92 ,0.47 ,0.08 
6512.00 ,204.97 ,9.90 ,0.46 ,0.08 
6574.10 ,206.58 ,9.92 ,0.47 ,0.08 
6686.60 ,213.46 ,10.23 ,0.48 ,0.08 
6705.30 ,215.06 ,10.27 ,0.48 ,0.08 
6699.80 ,214.26 ,10.56 ,0.46 ,0.08 
6326.80 ,197.08 ,9.59 ,0.41 ,0.07 
6321.70 ,201.22 ,9.68 ,0.42 ,0.07 
6291.30 ,196.70 ,9.59 ,0.42 ,0.07 
6239.10 ,190.89 ,9.35 ,0.38 ,0.07 
6618.00 ,226.30 ,10.40 ,0.47 ,0.09 
6650.80 ,228.25 ,10.42 ,0.48 ,0.09 
6669.60 ,229.84 ,10.57 ,0.49 ,0.09 
6611.00 ,226.11 ,10.59 ,0.48 ,0.08 
6596.30 ,225.18 ,10.41 ,0.49 ,0.08 
6639.10 ,228.34 ,10.68 ,0.52 ,0.08 
6584.20 ,222.57 ,10.26 ,0.53 ,0.08 
6507.80 ,220.51 ,10.28 ,0.53 ,0.08 
6549.90 ,225.84 ,10.31 ,0.52 ,0.08 
6608.20 ,231.77 ,9.97 ,0.58 ,0.08 
6635.20 ,232.80 ,10.02 ,0.58 ,0.09 
6603.90 ,231.87 ,10.00 ,0.57 ,0.08 
6636.00 ,221.77 ,9.96 ,0.54 ,0.08 
6689.20 ,229.15 ,10.06 ,0.54 ,0.09 
6468.10 ,214.35 ,9.71 ,0.51 ,0.08 
6445.10 ,219.04 ,9.82 ,0.53 ,0.08 
6584.10 ,228.01 ,10.04 ,0.49 ,0.08 
6704.10 ,244.67 ,10.29 ,0.57 ,0.09 
6729.60 ,240.82 ,10.25 ,0.57 ,0.08 
6766.70 ,247.92 ,10.46 ,0.56 ,0.09 
6489.20 ,224.42 ,10.01 ,0.45 ,0.08 
6390.40 ,209.74 ,9.61 ,0.33 ,0.07 
6342.00 ,209.03 ,9.52 ,0.32 ,0.07 
6251.90 ,196.24 ,9.36 ,0.27 ,0.06 
6500.20 ,220.20 ,9.94 ,0.28 ,0.07 
6519.00 ,221.94 ,10.06 ,0.28 ,0.07 
6483.70 ,209.98 ,9.89 ,0.28 ,0.07 
6482.90 ,211.00 ,9.56 ,0.28 ,0.07 
6338.00 ,182.98 ,9.21 ,0.27 ,0.07 
6293.90 ,185.07 ,9.36 ,0.26 ,0.07 
6321.00 ,197.04 ,9.52 ,0.27 ,0.07 
6238.50 ,195.80 ,9.51 ,0.28 ,0.08 
6184.30 ,196.79 ,9.52 ,0.28 ,0.08 
6390.90 ,215.60 ,9.94 ,0.29 ,0.08 
6514.00 ,229.60 ,10.29 ,0.30 ,0.09 
6706.80 ,228.77 ,9.97 ,0.28 ,0.09 
7377.50 ,285.17 ,11.44 ,0.33 ,0.11 
7264.20 ,288.92 ,11.31 ,0.33 ,0.10 
7293.90 ,295.05 ,11.33 ,0.34 ,0.10 
7189.60 ,295.31 ,11.48 ,0.35 ,0.11 
7033.80 ,281.94 ,10.98 ,0.34 ,0.10 
6993.70 ,283.97 ,10.77 ,0.33 ,0.10 
7029.10 ,288.42 ,11.17 ,0.34 ,0.11 
7074.60 ,295.62 ,11.49 ,0.35 ,0.11 
6897.60 ,286.57 ,11.17 ,0.34 ,0.10 
6712.70 ,274.46 ,10.22 ,0.32 ,0.09 
6734.80 ,277.61 ,10.10 ,0.33 ,0.09 
6680.40 ,281.29 ,10.20 ,0.33 ,0.09 
6521.20 ,276.12 ,9.76 ,0.33 ,0.09 
6359.60 ,269.84 ,9.52 ,0.32 ,0.09 
6482.20 ,280.90 ,9.74 ,0.33 ,0.09 
6268.10 ,271.08 ,9.64 ,0.31 ,0.09 
6481.50 ,299.33 ,10.14 ,0.34 ,0.10 
6379.10 ,293.89 ,9.88 ,0.33 ,0.10 
6581.70 ,316.90 ,10.88 ,0.37 ,0.11 
6306.70 ,286.76 ,9.78 ,0.29 ,0.09 
6256.90 ,281.12 ,9.54 ,0.28 ,0.09 
6190.20 ,278.19 ,9.43 ,0.27 ,0.09 
6255.30 ,284.01 ,10.26 ,0.27 ,0.10 
6313.00 ,318.18 ,11.77 ,0.30 ,0.11 
6231.60 ,317.59 ,11.67 ,0.30 ,0.11 
6152.30 ,331.81 ,12.15 ,0.32 ,0.11 
6538.80 ,363.34 ,12.79 ,0.34 ,0.12 
6283.60 ,355.44 ,12.15 ,0.33 ,0.11 
6724.90 ,378.25 ,13.15 ,0.38 ,0.12 
6943.60 ,405.40 ,13.69 ,0.41 ,0.13 
7027.10 ,408.85 ,13.64 ,0.43 ,0.13 
7014.30 ,407.09 ,13.85 ,0.43 ,0.13 
7419.00 ,417.58 ,14.13 ,0.44 ,0.13 
7535.60 ,411.00 ,14.16 ,0.43 ,0.13 
7606.40 ,420.30 ,13.65 ,0.45 ,0.14 
7729.40 ,431.50 ,13.80 ,0.43 ,0.14 
8177.10 ,456.64 ,13.22 ,0.45 ,0.15 
8215.60 ,466.41 ,13.95 ,0.45 ,0.16 
8234.10 ,468.78 ,14.66 ,0.46 ,0.16 
8187.40 ,470.23 ,13.99 ,0.46 ,0.17 
7937.00 ,462.75 ,13.34 ,0.45 ,0.16 
8173.70 ,472.03 ,13.00 ,0.46 ,0.17 
8407.00 ,479.88 ,12.16 ,0.46 ,0.17 
7723.00 ,450.56 ,12.03 ,0.45 ,0.16 
7412.30 ,459.02 ,12.14 ,0.45 ,0.17 
7408.70 ,461.52 ,12.18 ,0.46 ,0.16 
7339.40 ,449.38 ,12.08 ,0.44 ,0.16 
7477.50 ,469.47 ,12.96 ,0.48 ,0.18 
7383.60 ,480.00 ,12.87 ,0.49 ,0.18 
7322.00 ,499.87 ,13.72 ,0.51 ,0.17 
6729.90 ,479.79 ,13.38 ,0.48 ,0.16 
6362.90 ,450.81 ,12.30 ,0.45 ,0.14 
6254.80 ,434.09 ,12.09 ,0.44 ,0.14 
6230.20 ,432.85 ,12.19 ,0.44 ,0.14 
6250.60 ,430.84 ,12.12 ,0.44 ,0.13 
6389.10 ,445.99 ,12.68 ,0.45 ,0.13 
6307.20 ,432.67 ,12.77 ,0.44 ,0.13 
6667.10 ,471.52 ,13.47 ,0.47 ,0.14 
6714.80 ,486.45 ,13.98 ,0.48 ,0.15 
6765.50 ,485.40 ,14.13 ,0.49 ,0.15 
6617.70 ,469.90 ,13.43 ,0.48 ,0.15 
6546.50 ,468.47 ,13.76 ,0.48 ,0.15 
6598.40 ,467.52 ,14.02 ,0.49 ,0.15 
6513.50 ,461.89 ,14.15 ,0.49 ,0.15 
6619.50 ,475.70 ,14.60 ,0.49 ,0.15 
6366.80 ,452.57 ,14.37 ,0.46 ,0.14 
6398.90 ,452.67 ,14.74 ,0.46 ,0.14 
6213.30 ,435.37 ,14.50 ,0.46 ,0.13 
5883.50 ,421.27 ,14.13 ,0.45 ,0.12 
6154.90 ,442.16 ,14.08 ,0.47 ,0.13 
6082.10 ,430.33 ,14.06 ,0.45 ,0.13 
6256.60 ,458.76 ,14.90 ,0.48 ,0.14 
6154.60 ,454.81 ,14.39 ,0.47 ,0.13 
6167.30 ,474.14 ,15.58 ,0.49 ,0.14 
6055.70 ,462.57 ,15.56 ,0.48 ,0.14 
6728.00 ,526.01 ,17.07 ,0.53 ,0.16 
6765.40 ,536.31 ,16.06 ,0.54 ,0.16 
6752.40 ,538.22 ,16.74 ,0.55 ,0.17 
6719.80 ,517.91 ,16.84 ,0.54 ,0.16 
6460.30 ,496.43 ,16.52 ,0.53 ,0.16 
6505.80 ,496.93 ,15.76 ,0.53 ,0.16 
6410.30 ,487.88 ,14.99 ,0.53 ,0.16 
6647.10 ,519.49 ,14.81 ,0.56 ,0.17 
6312.30 ,476.17 ,14.58 ,0.53 ,0.16 
6558.20 ,494.48 ,15.26 ,0.56 ,0.16 
6885.90 ,531.42 ,15.47 ,0.60 ,0.18 
6775.10 ,524.64 ,14.15 ,0.58 ,0.17 
7515.80 ,593.80 ,16.03 ,0.66 ,0.20 
7622.10 ,599.67 ,16.23 ,0.67 ,0.21 
7697.80 ,604.71 ,16.25 ,0.68 ,0.21 
7661.00 ,606.39 ,17.27 ,0.67 ,0.21 
7631.50 ,608.83 ,15.60 ,0.68 ,0.22 
7504.30 ,591.44 ,14.26 ,0.66 ,0.21 
7729.30 ,619.08 ,14.68 ,0.69 ,0.23 
7646.60 ,591.30 ,14.68 ,0.64 ,0.23 
7530.80 ,579.30 ,14.25 ,0.62 ,0.22 
7502.60 ,577.87 ,14.22 ,0.61 ,0.22 
7400.10 ,557.98 ,12.62 ,0.59 ,0.21 
7467.70 ,566.81 ,12.61 ,0.60 ,0.20 
7119.30 ,512.29 ,11.89 ,0.55 ,0.17 
7366.70 ,570.69 ,12.60 ,0.60 ,0.19 
7361.30 ,586.76 ,12.73 ,0.61 ,0.20 
7477.70 ,585.39 ,12.99 ,0.61 ,0.20 
7592.90 ,602.43 ,13.02 ,0.63 ,0.21 
7512.30 ,577.55 ,12.47 ,0.59 ,0.20 
8006.00 ,642.17 ,13.88 ,0.64 ,0.22 
8403.30 ,696.85 ,14.67 ,0.68 ,0.25 
8529.00 ,716.02 ,14.17 ,0.70 ,0.26 
8245.10 ,696.76 ,14.33 ,0.67 ,0.24 
8245.70 ,693.28 ,15.11 ,0.68 ,0.24 
8063.00 ,668.97 ,12.37 ,0.66 ,0.24 
8344.40 ,706.53 ,12.29 ,0.71 ,0.25 
8477.00 ,705.73 ,12.51 ,0.69 ,0.26 
8674.10 ,727.06 ,12.82 ,0.73 ,0.27 
8693.50 ,729.37 ,13.15 ,0.73 ,0.28 
8459.50 ,683.94 ,12.93 ,0.68 ,0.27 
8408.30 ,676.21 ,12.94 ,0.68 ,0.26 
9025.70 ,724.40 ,13.78 ,0.75 ,0.30 
9319.10 ,751.62 ,14.65 ,0.79 ,0.32 
9196.40 ,748.48 ,13.50 ,0.81 ,0.33 
9431.60 ,754.03 ,13.78 ,0.83 ,0.34 
9656.40 ,793.19 ,14.01 ,0.86 ,0.35 
9853.50 ,818.33 ,14.43 ,0.90 ,0.37 
9708.60 ,785.20 ,14.35 ,0.89 ,0.36 
9749.70 ,778.95 ,14.64 ,0.88 ,0.37 
9243.20 ,688.15 ,14.43 ,0.86 ,0.38 
9074.90 ,671.26 ,14.16 ,0.83 ,0.36 
9245.10 ,670.07 ,14.32 ,0.83 ,0.34 
9415.10 ,689.90 ,15.07 ,0.87 ,0.37 
9352.40 ,683.49 ,15.20 ,0.86 ,0.36 
8940.90 ,643.97 ,14.29 ,0.81 ,0.29 
9287.00 ,662.36 ,14.63 ,0.85 ,0.30 
8873.10 ,617.36 ,13.36 ,0.80 ,0.27 
9645.30 ,703.02 ,15.12 ,0.92 ,0.32 
8952.80 ,644.13 ,13.64 ,0.87 ,0.29 
8806.70 ,622.23 ,12.87 ,0.86 ,0.29 
8923.10 ,605.59 ,13.35 ,0.87 ,0.29 
8867.00 ,617.04 ,12.57 ,0.92 ,0.31 
8290.80 ,567.49 ,12.35 ,0.78 ,0.27 
8178.40 ,525.66 ,12.30 ,0.71 ,0.26 
7908.60 ,503.19 ,11.74 ,0.66 ,0.24 
8070.00 ,511.82 ,12.23 ,0.66 ,0.26 
8363.60 ,533.90 ,13.10 ,0.69 ,0.23 
8004.40 ,502.52 ,13.27 ,0.64 ,0.21 
7887.40 ,493.48 ,13.49 ,0.64 ,0.20 
7926.60 ,494.03 ,12.97 ,0.64 ,0.22 
6962.10 ,430.14 ,12.30 ,0.54 ,0.17 
6854.80 ,415.45 ,12.08 ,0.49 ,0.16 
6781.90 ,399.05 ,11.88 ,0.49 ,0.15 
7030.50 ,400.71 ,12.12 ,0.50 ,0.16 
6905.70 ,384.87 ,12.50 ,0.49 ,0.15 
6624.30 ,369.97 ,12.26 ,0.47 ,0.14 
6782.00 ,381.52 ,12.49 ,0.49 ,0.15 
6808.90 ,378.68 ,12.21 ,0.49 ,0.15 
7424.20 ,415.55 ,13.31 ,0.55 ,0.17 
7068.40 ,385.07 ,12.60 ,0.49 ,0.15 
6825.20 ,378.75 ,11.10 ,0.48 ,0.15 
6938.20 ,393.96 ,11.04 ,0.50 ,0.15 
6853.70 ,393.79 ,10.37 ,0.50 ,0.14 
7129.20 ,384.12 ,10.19 ,0.50 ,0.14 
7954.90 ,446.84 ,11.67 ,0.57 ,0.16 
7801.70 ,448.48 ,11.50 ,0.57 ,0.15 
8143.50 ,485.98 ,11.97 ,0.59 ,0.17 
8473.20 ,523.50 ,12.97 ,0.63 ,0.18 
8547.40 ,520.45 ,13.17 ,0.63 ,0.19 
8916.80 ,543.42 ,11.79 ,0.64 ,0.19 
8726.20 ,539.87 ,10.07 ,0.65 ,0.20 
8905.90 ,560.24 ,9.94 ,0.68 ,0.21 
8912.60 ,557.08 ,9.18 ,0.70 ,0.20 
8616.80 ,556.16 ,9.01 ,0.72 ,0.19 
8201.20 ,536.72 ,8.94 ,0.65 ,0.15 
7874.90 ,550.27 ,8.94 ,0.63 ,0.15 
8289.20 ,600.79 ,9.08 ,0.68 ,0.17 
8264.40 ,610.13 ,9.12 ,0.68 ,0.18 
8210.60 ,612.09 ,8.91 ,0.69 ,0.19 
9154.90 ,689.57 ,10.15 ,0.78 ,0.22 
9137.40 ,697.04 ,8.03 ,0.78 ,0.22 
9529.60 ,720.12 ,8.27 ,0.82 ,0.22 
8762.00 ,682.52 ,7.65 ,0.78 ,0.20 
9217.00 ,725.89 ,8.33 ,0.82 ,0.22 
9300.00 ,698.96 ,8.26 ,0.81 ,0.21 
9902.90 ,749.98 ,9.01 ,0.85 ,0.24 
10675.10 ,814.88 ,9.39 ,0.90 ,0.28 
11330.60 ,850.24 ,10.09 ,0.95 ,0.30 
11416.50 ,865.53 ,10.39 ,1.00 ,0.30 
11402.30 ,855.91 ,10.24 ,0.90 ,0.29 
10827.70 ,856.09 ,10.23 ,0.90 ,0.29 
10904.50 ,870.04 ,10.50 ,0.92 ,0.30 
10333.90 ,852.49 ,10.46 ,0.89 ,0.31 
10594.40 ,871.44 ,10.56 ,0.93 ,0.33 
10285.10 ,866.99 ,9.92 ,0.93 ,0.32 
9585.20 ,840.88 ,9.34 ,0.90 ,0.32 
9704.30 ,834.36 ,9.09 ,0.90 ,0.30 
10170.40 ,856.65 ,9.70 ,0.94 ,0.33 
9841.70 ,803.66 ,8.86 ,0.89 ,0.31 
10473.00 ,839.10 ,9.37 ,0.95 ,0.33 
11238.70 ,884.51 ,9.89 ,1.03 ,0.35 
11169.40 ,940.08 ,11.06 ,1.11 ,0.38 
10398.80 ,913.10 ,10.64 ,1.07 ,0.37 
11073.50 ,971.54 ,11.66 ,1.18 ,0.42 